,business_id,cat
0,173423,6
3,45614,6
6,6283,6
9,5838,6
12,184796,6
24,162829,6
28,31098,6
35,734,6
103,157461,6
106,141204,6
129,152737,6
170,19020,6
175,2793,6
193,179563,6
196,2205,6
199,52859,6
202,151539,6
206,144289,6
352,160771,6
369,68574,6
372,11447,6
394,9500,6
412,83071,6
424,3185,6
446,63653,6
453,142496,6
470,129790,6
481,103542,6
484,13742,6
487,113439,6
509,184848,6
606,171490,6
657,49722,6
684,183181,6
729,76400,6
747,168345,6
752,101310,6
761,15738,6
807,148147,6
839,84538,6
877,81474,6
890,92830,6
904,107916,6
918,73604,6
926,161269,6
940,45141,6
944,20975,6
951,142139,6
962,171925,6
993,158199,6
1015,129254,6
1024,147517,6
1027,158176,6
1047,74603,6
1073,158996,6
1107,41342,6
1114,61904,6
1123,138551,6
1188,151457,6
1194,136858,6
1202,172225,6
1301,127214,6
1388,138688,6
1398,70982,6
1406,128822,6
1411,44803,6
1415,123333,6
1419,129986,6
1452,104068,6
1494,140749,6
1499,46758,6
1507,55100,6
1530,185740,6
1537,76925,6
1543,102590,6
1581,9300,6
1585,151747,6
1594,113389,6
1599,65704,6
1624,60585,6
1648,182715,6
1652,51415,6
1659,42017,6
1668,57881,6
1684,171622,6
1697,49036,6
1842,180565,6
1857,91809,6
1905,86208,6
1931,169180,6
1940,78634,6
2003,84387,6
2011,95781,6
2018,109876,6
2027,63085,6
2043,60318,6
2060,9022,6
2073,149973,6
2085,68896,6
2137,175511,6
2147,19395,6
2246,10651,6
2262,56697,6
2265,106096,6
2268,49201,6
2289,53553,6
2307,51754,6
2370,83801,6
2380,113623,6
2409,73075,6
2446,115172,6
2461,23415,6
2479,82429,6
2485,42716,6
2503,102518,6
2536,26232,6
2549,69220,6
2570,110890,6
2581,189415,6
2590,86177,6
2595,157710,6
2641,130661,6
2647,190911,6
2712,185110,6
2733,40932,6
2747,14051,6
2760,50864,6
2765,177881,6
2778,165230,6
2786,61246,6
2805,166401,6
2813,95978,6
2827,158049,6
2836,102728,6
2858,146513,6
2869,51165,6
2921,156857,6
2942,41108,6
2976,161034,6
3037,33313,6
3060,77445,6
3070,146416,6
3092,26909,6
3102,96659,6
3108,81812,6
3124,186933,6
3150,74519,6
3164,119431,6
3168,104687,6
3175,52789,6
3188,94144,6
3195,48674,6
3204,184472,6
3214,58130,6
3219,113503,6
3223,131526,6
3240,105006,6
3251,19863,6
3255,5718,6
3290,103009,6
3301,181872,6
3305,53872,6
3338,142782,6
3346,80109,6
3369,149669,6
3394,188169,6
3410,85596,6
3500,52172,6
3543,36096,6
3570,120018,6
3588,43884,6
3592,42948,6
3598,139305,6
3607,177535,6
3628,63934,6
3633,84428,6
3642,76185,6
3694,170214,6
3702,113289,6
3706,189959,6
3713,107833,6
3716,161642,6
3721,136377,6
3726,131309,6
3730,62820,6
3743,135361,6
3761,559,6
3765,70755,6
3782,9921,6
3792,190564,6
3801,158314,6
3819,99444,6
3823,16342,6
3839,163359,6
3868,15528,6
3888,17726,6
3904,53672,6
3914,29032,6
3921,93514,6
3932,95537,6
3935,42316,6
3952,27963,6
3958,53809,6
3977,180513,6
3980,2078,6
3983,51501,6
3994,1333,6
4007,100497,6
4014,152700,6
4017,116714,6
4066,138324,6
4070,37636,6
4075,28896,6
4085,132329,6
4097,131390,6
4106,19593,6
4109,54158,6
4121,109871,6
4126,86292,6
4135,192160,6
4139,53459,6
4144,29104,6
4150,55732,6
4154,99719,6
4165,39042,6
4189,45810,6
4210,19224,6
4256,124342,6
4261,190446,6
4265,64638,6
4270,37049,6
4276,4637,6
4284,108740,6
4297,73113,6
4321,109104,6
4325,70603,6
4342,112627,6
4346,108768,6
4352,37012,6
4359,74623,6
4372,97624,6
4377,132298,6
4394,42001,6
4397,180322,6
4460,101857,6
4498,15803,6
4517,64155,6
4533,122842,6
4546,32696,6
4557,29880,6
4620,50029,6
4628,31703,6
4633,160181,6
4650,100311,6
4660,118071,6
4669,143267,6
4682,53270,6
4693,36252,6
4708,166706,6
4719,125281,6
4826,173009,6
4829,63364,6
4838,47146,6
4849,83743,6
4854,125216,6
4863,122299,6
4867,132532,6
4874,116440,6
4877,58804,6
4886,34985,6
4913,117988,6
4916,76810,6
4929,87911,6
4932,127781,6
4937,25402,6
4956,94079,6
4960,99017,6
4963,35164,6
4966,118516,6
4971,87312,6
4976,170591,6
4979,170524,6
4982,635,6
5019,109484,6
5028,159656,6
5034,120211,6
5046,130751,6
5049,127177,6
5069,84533,6
5092,58078,6
5108,140834,6
5112,139687,6
5117,129507,6
5124,80387,6
5128,59894,6
5145,93200,6
5148,36171,6
5163,89739,6
5175,12904,6
5180,164119,6
5185,56326,6
5191,51991,6
5195,171046,6
5203,149763,6
5237,26325,6
5241,6156,6
5244,66404,6
5292,127420,6
5295,141528,6
5330,53233,6
5333,113966,6
5336,35846,6
5351,26133,6
5359,191287,6
5363,118580,6
5368,60070,6
5378,140183,6
5382,161949,6
5388,13124,6
5396,27313,6
5412,176931,6
5418,188552,6
5423,111730,6
5447,150040,6
5496,32709,6
5500,81090,6
5528,6449,6
5542,97109,6
5564,76406,6
5568,165443,6
5573,20977,6
5584,92780,6
5591,119873,6
5594,3044,6
5601,128209,6
5610,109713,6
5613,99146,6
5618,44414,6
5628,104579,6
5631,159299,6
5636,141542,6
5640,152369,6
5644,126923,6
5657,151141,6
5670,138736,6
5675,100392,6
5681,154677,6
5693,77798,6
5735,80418,6
5778,3055,6
5791,119844,6
5904,92818,6
5952,145186,6
5955,157007,6
5967,48064,6
6024,118136,6
6084,153405,6
6087,37555,6
6091,175451,6
6094,39721,6
6122,12667,6
6169,20209,6
6216,77050,6
6231,40499,6
6296,35649,6
6322,123888,6
6332,88314,6
6362,132311,6
6365,22714,6
6382,89265,6
6387,32588,6
6401,107730,6
6405,107545,6
6408,152994,6
6413,67136,6
6418,10669,6
6527,173448,6
6531,166223,6
6535,7099,6
6541,77116,6
6545,115981,6
6551,166225,6
6611,219,6
6647,55632,6
6651,149141,6
6675,116398,6
6697,96261,6
6730,136202,6
6765,5439,6
6770,157089,6
6883,87563,6
6907,183186,6
6910,15558,6
6913,125594,6
6925,76774,6
6939,171661,6
7016,7529,6
7023,153774,6
7037,127025,6
7040,84327,6
7048,145783,6
7056,171142,6
7062,130950,6
7068,183031,6
7117,166940,6
7144,9398,6
7162,61300,6
7175,145181,6
7181,19337,6
7218,119319,6
7230,19033,6
7240,177712,6
7245,91170,6
7267,20308,6
7281,22923,6
7305,153232,6
7320,20734,6
7334,34259,6
7373,93851,6
7377,13355,6
7382,64247,6
7390,71160,6
7404,63005,6
7415,34331,6
7450,153767,6
7453,137840,6
7457,152605,6
7460,90947,6
7466,170923,6
7485,37816,6
7488,93888,6
7495,122429,6
7498,43674,6
7597,153353,6
7639,187471,6
7698,72335,6
7707,135013,6
7727,157471,6
7735,2383,6
7754,153416,6
7757,118239,6
7803,10946,6
7818,152083,6
7823,132609,6
7830,29230,6
7833,21633,6
7866,20179,6
7869,104474,6
7872,157186,6
7884,113545,6
7936,133697,6
7939,137489,6
8023,22381,6
8042,170934,6
8227,39039,6
8233,14867,6
8237,131043,6
8287,99988,6
8291,125426,6
8294,167662,6
8297,53053,6
8346,3566,6
8400,66137,6
8404,53775,6
8407,118965,6
8412,52502,6
8459,170136,6
8513,55717,6
8534,2707,6
8569,129835,6
8573,62465,6
8595,137651,6
8612,186072,6
8664,186161,6
8672,164861,6
8675,83284,6
8681,72011,6
8689,174398,6
8702,25645,6
8707,93740,6
8750,139883,6
8889,116692,6
8913,180272,6
8927,3288,6
9050,178118,6
9059,183628,6
9234,122871,6
9254,87602,6
9258,69093,6
9366,159224,6
9383,102979,6
9388,42907,6
9392,170556,6
9580,70498,6
9587,17829,6
9596,26575,6
9601,89808,6
9772,29336,6
9780,113393,6
9787,15447,6
9792,187846,6
9837,176772,6
9847,68989,6
9851,44463,6
9861,141904,6
9871,136826,6
9900,180101,6
9904,170212,6
9914,19175,6
9920,129384,6
9925,104464,6
9941,7534,6
9968,136291,6
9975,136482,6
9980,106131,6
10084,179174,6
10088,44955,6
10091,165673,6
10105,34788,6
10111,9864,6
10128,117787,6
10151,77235,6
10155,164364,6
10161,110464,6
10166,76805,6
10171,50314,6
10283,184143,6
10301,133609,6
10305,139535,6
10309,6660,6
10324,41328,6
10340,155202,6
10343,31622,6
10347,68838,6
10351,171423,6
10359,107285,6
10364,126637,6
10373,31042,6
10393,192287,6
10400,121732,6
10413,97019,6
10416,81440,6
10421,160377,6
10431,61085,6
10438,25872,6
10445,104209,6
10448,48609,6
10466,191203,6
10470,162666,6
10481,77386,6
10484,163917,6
10501,20909,6
10508,46042,6
10511,49662,6
10541,56636,6
10544,27652,6
10550,183800,6
10559,61358,6
10565,157849,6
10571,13341,6
10574,27931,6
10582,65720,6
10585,537,6
10588,177564,6
10591,119866,6
10596,175200,6
10599,120170,6
10619,66197,6
10632,43649,6
10639,59711,6
10649,71629,6
10656,86531,6
10659,21830,6
10674,26221,6
10678,52531,6
10683,168122,6
10735,88635,6
10739,185341,6
10747,68412,6
10759,141252,6
10765,105123,6
10802,168440,6
10824,53428,6
10827,22843,6
10832,106356,6
10848,106068,6
10870,126697,6
10873,75034,6
10909,98248,6
10912,69887,6
10915,133594,6
10920,102655,6
10930,21065,6
10938,61720,6
10941,83786,6
10945,19608,6
10956,180395,6
10960,7903,6
10970,44858,6
10973,56287,6
10979,82250,6
10984,59779,6
10990,62147,6
10994,78477,6
11000,27886,6
11006,41268,6
11033,119249,6
11044,118583,6
11047,178061,6
11051,16710,6
11055,45972,6
11060,121163,6
11085,156850,6
11089,140744,6
11092,2310,6
11096,61251,6
11110,192229,6
11114,18806,6
11119,70250,6
11125,189638,6
11134,30947,6
11140,126233,6
11156,92827,6
11164,18567,2
11174,45714,2
11177,137604,2
11180,82064,2
11183,157097,2
11186,181677,2
11190,15984,2
11193,130253,2
11196,125028,2
11200,87527,2
11203,9076,2
11206,84855,2
11209,191265,2
11217,112952,2
11222,81334,2
11225,47845,2
11228,69745,2
11231,25041,2
11237,181011,2
11240,53694,2
11243,103949,2
11246,140226,2
11252,111513,2
11257,124170,2
11262,99186,2
11265,106788,2
11268,17512,2
11272,182172,2
11277,61481,2
11281,126876,2
11286,28935,2
11292,76362,2
11295,141908,2
11298,128192,2
11303,110148,2
11306,49334,2
11320,188242,2
11324,181809,2
11336,89047,2
11343,78147,2
11365,61469,2
11376,180090,2
11409,122010,2
11446,12116,2
11467,173471,2
11486,187807,2
11491,64134,2
11516,122228,2
11531,42953,2
11540,175400,2
11551,30067,2
11573,164979,2
11579,52968,2
11595,21577,2
11601,32355,2
11612,137257,2
11630,91661,2
11644,159475,2
11662,158235,2
11679,89687,2
11701,94786,2
11715,43059,2
11735,184635,2
11753,149593,2
11763,182669,2
11780,128198,2
11809,144428,2
11822,126110,2
11841,42579,2
11860,136400,2
11900,103319,2
11919,91683,2
11934,115326,2
11948,130068,2
11968,182022,2
11980,4088,2
11986,120511,2
11990,53424,2
12004,159227,2
12017,162632,2
12064,15177,2
12099,43135,2
12108,167535,2
12147,179406,2
12168,6286,2
12195,164916,2
12203,130369,2
12215,71105,2
12226,160188,2
12230,63067,2
12239,166467,2
12246,133999,2
12261,64169,2
12284,150618,2
12298,99203,2
12331,71673,2
12351,74566,2
12354,153191,2
12362,23625,2
12372,42627,2
12382,79052,2
12412,90918,2
12435,114193,2
12452,137284,2
12470,189551,2
12483,58565,2
12495,100703,2
12521,26479,2
12543,86628,2
12569,112228,2
12583,15306,2
12591,48417,2
12602,159594,2
12624,110321,2
12637,50007,2
12667,168536,2
12689,114521,2
12695,126846,2
12716,163612,2
12727,34511,2
12739,24779,2
12773,8475,2
12780,95293,2
12809,172879,2
12827,64783,2
12852,57692,2
12881,17023,2
12886,19468,2
12907,89256,2
12922,187191,2
12944,108062,2
12954,189694,2
12973,20035,2
12988,102810,2
12991,249,2
13012,113200,2
13021,99358,2
13025,25505,2
13049,168756,2
13062,178190,2
13082,176747,2
13086,114864,2
13093,80508,2
13104,175409,2
13116,56128,2
13136,147233,2
13153,124308,2
13173,7589,2
13177,53454,2
13200,73881,2
13249,58807,2
13265,9776,2
13293,185349,2
13321,6471,2
13332,126553,2
13352,113878,2
13359,185463,2
13384,53055,2
13392,140959,2
13405,142236,2
13412,176004,2
13421,62468,2
13434,85208,2
13455,110792,2
13469,140747,2
13482,66869,2
13500,120960,2
13546,106570,2
13560,108123,2
13585,5690,2
13607,6033,2
13632,97982,2
13647,153906,2
13675,67309,2
13713,140052,2
13729,39763,2
13755,158634,2
13759,50501,2
13785,81370,2
13798,21829,2
13805,88412,2
13814,164078,2
13833,72389,2
13856,184819,2
13867,31239,2
13894,5473,2
13908,99018,2
13914,68532,2
13918,61542,2
13959,179342,2
13962,133572,2
13987,42775,2
14001,174840,2
14017,2503,2
14038,136684,2
14045,169778,2
14073,50057,2
14094,106678,2
14116,23555,2
14140,73735,2
14161,152495,2
14179,116042,2
14195,41160,2
14199,116916,2
14211,84772,2
14231,79950,2
14259,184650,2
14279,163489,2
14304,58908,2
14311,159924,2
14331,29182,2
14351,133517,2
14377,3641,2
14399,71621,2
14414,144773,2
14428,1891,2
14431,127005,2
14450,45019,2
14454,85725,2
14466,35552,2
14487,14220,2
14492,24687,2
14495,124593,2
14498,133512,2
14501,131252,2
14506,168295,2
14521,118745,2
14531,20652,2
14541,140635,2
14556,130556,2
14559,187239,2
14563,55058,2
14568,45389,2
14579,15028,2
14592,6582,2
14605,186646,2
14635,8391,2
14647,114269,2
14654,135869,2
14675,8887,2
14678,122048,2
14698,112319,2
14731,85089,2
14735,174489,2
14748,33290,2
14753,21498,2
14756,125814,2
14774,151128,2
14785,18218,2
14809,137353,2
14813,160154,2
14823,151553,2
14847,22002,2
14856,120317,2
14860,76107,2
14910,124016,2
14918,80325,2
14961,16963,2
14980,66311,2
14995,56454,2
15013,76427,2
15045,50682,2
15051,87193,2
15057,181992,2
15066,23035,2
15082,85723,2
15111,147757,2
15133,101417,2
15137,43201,2
15151,168575,2
15163,89266,2
15167,189552,2
15175,110157,2
15181,67077,2
15189,191475,2
15205,71269,2
15210,72064,2
15215,110644,2
15220,62694,2
15223,164795,2
15231,162870,2
15242,173102,2
15252,123625,2
15264,145806,2
15280,54401,2
15290,12997,2
15314,29384,2
15318,179042,2
15332,182184,2
15340,35334,2
15343,82730,2
15354,123058,2
15358,102345,2
15364,17967,2
15372,187923,2
15394,41829,2
15419,156175,2
15422,112176,2
15427,49218,2
15466,100061,2
15473,148064,2
15494,164815,2
15511,140988,2
15520,171359,2
15525,53768,2
15536,150895,2
15542,98463,2
15552,157601,2
15565,73089,2
15589,165490,2
15605,121635,2
15616,166796,2
15622,54195,2
15632,73986,2
15682,48147,2
15711,134731,2
15742,185149,2
15767,10947,2
15800,146340,2
15821,119097,2
15825,94961,2
15866,140006,2
15907,135970,2
15969,7599,2
16000,17906,2
16034,129709,2
16081,5268,2
16132,136397,2
16197,89516,2
16266,121727,2
16291,70241,2
16333,59556,2
16350,69298,2
16363,76359,2
16402,40256,2
16441,57110,2
16470,69390,2
16493,170233,2
16502,113077,2
16509,71326,2
16540,166958,2
16568,84457,2
16606,116673,2
16619,153076,2
16636,53567,2
16720,150800,2
16764,49150,2
16857,23082,2
16880,72168,2
16902,144980,2
16946,116641,2
16964,178491,2
17008,29504,2
17015,93842,2
17074,41752,2
17101,10425,2
17129,27516,2
17150,88973,2
17213,37651,2
17277,56641,2
17329,60969,2
17353,54390,2
17402,120678,2
17441,28892,2
17466,152303,2
17568,29226,2
17718,37265,2
17724,152066,2
17747,113702,2
17813,147344,2
17833,8045,2
17865,163949,2
17893,110467,2
17913,113831,2
17947,97203,2
18003,39162,2
18019,185385,2
18056,151716,2
18086,31821,2
18122,32582,2
18135,187059,2
18169,90619,2
18204,115528,2
18267,145655,2
18285,38121,2
18318,7116,2
18339,58591,2
18387,160779,2
18390,171469,2
18406,134509,2
18417,16346,2
18453,3074,2
18529,34667,2
18569,143388,2
18609,151108,2
18641,67785,2
18670,41001,2
18675,31347,2
18746,47934,2
18813,16874,2
18848,110830,2
18903,4814,2
18910,113646,2
18943,77600,2
18966,102261,2
19017,106448,2
19033,41596,2
19098,69297,2
19130,158070,2
19149,24563,2
19166,7828,2
19246,146056,2
19272,11094,2
19313,27340,2
19402,150630,2
19446,168511,2
19458,135567,2
19510,137713,2
19553,135121,2
19596,94371,2
19627,134698,2
19630,144097,2
19635,184020,2
19641,17372,2
19644,172526,2
19648,142503,2
19657,61851,2
19661,75861,2
19664,147413,2
19669,87732,2
19672,137910,2
19682,49881,2
19691,36717,2
19698,156250,2
19710,64616,2
19722,95895,2
19726,113280,2
19734,52393,2
19737,178026,2
19740,72618,2
19743,59122,2
19748,19957,2
19754,69979,2
19757,60926,2
19764,51505,2
19775,40324,2
19786,184539,2
19791,108093,2
19800,3388,2
19805,34119,2
19815,77961,2
19820,159517,2
19824,102226,2
19843,127326,2
19847,133021,2
19860,70836,2
19866,177879,2
19870,163802,2
19873,42094,2
19876,146508,2
19880,129107,2
19889,120261,2
19894,81551,2
19899,132945,2
19902,144443,2
19906,57589,2
19915,18317,2
19919,80565,2
19923,174263,2
19928,9831,2
19942,89992,2
19956,27818,2
19984,182961,2
19993,3060,2
20008,191941,2
20011,157347,2
20014,96206,2
20022,187666,2
20026,80413,2
20035,12468,2
20041,134283,2
20045,57508,2
20054,93977,2
20063,75378,2
20067,153050,2
20071,52986,2
20085,127955,2
20093,152711,2
20102,110283,2
20107,11347,2
20110,175884,2
20116,43197,2
20119,191803,2
20122,79946,2
20136,9081,2
20143,155972,2
20148,186711,2
20152,149222,2
20156,51996,2
20162,25010,2
20172,24560,2
20185,162508,2
20193,127529,2
20203,55461,2
20207,99340,2
20212,169007,2
20215,49251,2
20221,174857,2
20228,44130,2
20233,188473,2
20238,168599,2
20242,14044,2
20249,137649,2
20256,69080,2
20264,125970,2
20269,18934,2
20274,95113,2
20277,58825,2
20280,130916,2
20292,126831,2
20298,12164,2
20318,179137,2
20321,28116,2
20328,76874,2
20338,13374,2
20341,146080,2
20345,112530,2
20349,2672,2
20355,8879,2
20363,84643,2
20369,141146,2
20376,25330,2
20381,122748,2
20384,40411,2
20405,84793,2
20408,5237,2
20411,55347,2
20416,47372,2
20424,139172,2
20430,72553,2
20441,102350,2
20447,141950,2
20452,142577,2
20455,110095,2
20460,77352,2
20469,161394,2
20480,110565,2
20487,43093,2
20492,15411,2
20497,190836,2
20504,133004,2
20511,181087,2
20523,130809,2
20526,31834,2
20532,73219,2
20540,29634,2
20545,189946,2
20549,126532,2
20552,101634,2
20555,190277,2
20563,190874,2
20575,97972,2
20578,46838,2
20586,54332,2
20589,154564,2
20593,145908,2
20597,62311,2
20600,172366,2
20608,96875,2
20615,151172,2
20623,31594,2
20629,180530,2
20635,22972,2
20644,124585,2
20650,182170,2
20653,1337,2
20656,48342,2
20661,8470,2
20664,141937,2
20672,64670,2
20680,12295,2
20683,105460,2
20688,91865,2
20691,88038,2
20696,142353,2
20699,191627,2
20707,14645,2
20714,89432,2
20718,48238,2
20725,44545,2
20729,95169,2
20743,75442,2
20746,96970,2
20749,5387,2
20752,106503,2
20756,110486,2
20759,56748,2
20765,21532,2
20770,173189,2
20779,85020,2
20782,176637,2
20787,104000,2
20790,142414,2
20804,118428,2
20820,188098,2
20825,176361,2
20831,54724,2
20838,61929,2
20850,155414,2
20862,3957,2
20866,190520,2
20879,185873,2
20886,100561,2
20907,134846,2
20910,179416,2
20921,14656,2
20924,19729,2
20927,4820,2
20930,134189,2
20940,30365,2
20953,105130,2
20958,60375,2
20968,169617,2
20973,155483,2
20977,122217,2
20986,127970,2
20996,66146,2
21005,3829,2
21008,109072,2
21020,184839,2
21023,187494,2
21027,103950,2
21030,179269,2
21033,183345,2
21036,184883,2
21043,179981,2
21051,160528,2
21054,3446,2
21063,179355,2
21066,22188,2
21072,66555,2
21075,38235,2
21078,107457,2
21083,147163,2
21091,95095,2
21134,97032,2
21138,106564,2
21152,74745,2
21165,113086,2
21168,38391,2
21172,134433,2
21175,101264,2
21182,162187,2
21187,7014,2
21190,75035,2
21203,25719,2
21214,188964,2
21217,122825,2
21220,139341,2
21235,81446,2
21241,173099,2
21245,1435,2
21256,150099,2
21259,130462,2
21269,117165,2
21274,10350,2
21277,37978,2
21282,158138,2
21285,26940,2
21307,178010,2
21311,55034,2
21315,70316,2
21319,182443,2
21328,58576,2
21332,56897,2
21335,129746,2
21338,161000,2
21343,180297,2
21361,99660,2
21376,3354,2
21381,128204,2
21385,128766,2
21388,2900,2
21391,253,2
21394,47134,2
21399,102301,2
21406,90623,2
21420,150847,2
21428,73165,2
21435,155611,2
21439,75797,2
21461,173898,2
21466,100170,2
21470,141248,2
21476,123627,2
21483,118724,2
21500,110801,2
21503,161718,2
21506,143231,2
21514,176955,2
21522,41003,2
21534,2496,2
21539,3228,2
21548,101772,2
21551,118373,2
21556,165641,2
21559,66255,2
21565,123817,2
21575,128655,2
21580,65911,2
21589,139672,2
21594,33417,2
21624,26240,2
21637,74393,2
21640,138636,2
21661,55369,2
21665,175773,2
21688,165956,2
21694,25,2
21700,126189,2
21709,24186,2
21713,62547,2
21730,18362,2
21752,75926,2
21755,135061,2
21763,79608,2
21781,73926,2
21785,46116,2
21795,113991,2
21803,186064,2
21816,108387,2
21819,42591,2
21831,126621,2
21838,120855,2
21846,44202,2
21856,48032,2
21862,108525,2
21871,142825,2
21925,29160,2
21938,29202,2
21946,105972,2
21951,165239,2
21954,147744,2
21984,169926,2
21991,166752,2
21995,129151,2
22000,105341,2
22004,174323,2
22014,152510,2
22017,189642,2
22021,91295,2
22026,53284,2
22029,86475,2
22032,178671,2
22035,121110,2
22038,76868,2
22041,16231,2
22044,47847,2
22047,75950,2
22051,169757,2
22054,60781,2
22057,59369,2
22061,135160,2
22066,145002,2
22072,45853,2
22076,114441,2
22085,50334,2
22099,25043,2
22113,62678,2
22118,71549,2
22127,46954,2
22133,115884,2
22140,44860,2
22162,59092,2
22182,66925,2
22188,49835,2
22199,165618,2
22204,10486,2
22208,97949,2
22221,137370,2
22227,90235,2
22235,2937,2
22239,31285,2
22246,79439,2
22254,22141,2
22258,44349,2
22269,108923,3
22276,115622,3
22282,192567,3
22292,101667,3
22304,144360,3
22312,54161,3
22315,119021,3
22323,150071,3
22328,149821,3
22332,119327,3
22339,65405,3
22343,178401,3
22350,29841,3
22356,149907,3
22360,175306,3
22365,135286,3
22371,42309,3
22376,192499,3
22381,98665,3
22387,176935,3
22396,87212,3
22404,73783,3
22407,93892,3
22412,148510,3
22417,136197,3
22420,66498,3
22441,67328,3
22454,168970,3
22463,115375,3
22469,183849,3
22473,26302,3
22478,118761,3
22487,134948,3
22504,38713,3
22508,25937,3
22513,73448,3
22517,67907,3
22525,114000,3
22528,170750,3
22533,93253,3
22542,10193,3
22547,14524,3
22550,60724,3
22557,58052,3
22560,36676,3
22579,24984,3
22583,102049,3
22586,16150,3
22590,81615,3
22596,47348,3
22601,12196,3
22608,65509,3
22620,89956,3
22651,41114,3
22658,117863,3
22672,54765,3
22682,83707,3
22685,108639,3
22690,180970,3
22693,54936,3
22698,66557,3
22705,164031,3
22708,60809,3
22712,36160,3
22715,127430,3
22719,120652,3
22724,180288,3
22728,87948,3
22736,125363,3
22747,130486,3
22750,139416,3
22754,92330,3
22758,119601,3
22768,162839,3
22779,20172,3
22782,184583,3
22789,157226,3
22794,30453,3
22797,145269,3
22802,105793,3
22808,57882,3
22816,9476,3
22820,113215,3
22827,24180,3
22833,1248,3
22841,130777,3
22848,120413,3
22851,55399,3
22856,2104,3
22860,69400,3
22863,136967,3
22867,58431,3
22870,171273,3
22880,110182,3
22886,164237,3
22890,113497,3
22895,108701,3
22904,6869,3
22909,152304,3
22913,131514,3
22920,178487,3
22927,184208,3
22941,169600,3
22944,68162,3
22956,46768,3
22959,32470,3
22963,60961,3
22971,77588,3
22982,81212,3
22987,156357,3
23000,146704,3
23003,139030,3
23012,37776,3
23020,105820,3
23029,146530,3
23034,76894,3
23042,140270,3
23069,101800,3
23074,139769,3
23083,75610,3
23092,135797,3
23096,184092,3
23100,185859,3
23108,44953,3
23116,108488,3
23121,98634,3
23128,166305,3
23134,153403,3
23140,160242,3
23143,177532,3
23146,142808,3
23153,132930,3
23175,50948,3
23237,50476,3
23285,111812,3
23306,81918,3
23358,138090,3
23364,173266,3
23422,152674,3
23479,157551,3
23484,1595,3
23529,9679,3
23540,5522,3
23600,84862,3
23700,43242,3
23823,85319,3
23887,23021,3
23919,67739,3
23952,56617,3
23958,29228,3
23962,35995,3
23988,45961,3
23994,144372,3
24062,139878,3
24123,149352,3
24126,16637,3
24194,127953,3
24241,31901,3
24270,159209,3
24329,188907,3
24336,124587,3
24408,109761,3
24413,161543,3
24438,33746,3
24495,18757,3
24528,128474,3
24533,25876,3
24538,175412,3
24550,66857,3
24656,105318,3
24765,16203,3
24777,25669,3
24859,103678,3
24862,60554,3
24902,44700,3
24919,139289,3
24972,177867,3
24978,114339,3
24982,63969,3
25049,47018,3
25090,102782,3
25171,21043,3
25180,110260,3
25243,71350,3
25290,104212,3
25293,67618,3
25309,109772,3
25317,162272,3
25381,159155,3
25447,192136,3
25518,88769,3
25569,104984,3
25589,185707,3
25702,147760,3
25724,32141,3
25727,9523,3
25730,190657,3
25770,169098,3
25807,64683,3
25858,136524,3
25871,162489,3
25876,134762,3
25980,64385,3
26069,152865,3
26109,145800,3
26116,9904,3
26123,176275,3
26170,106961,3
26175,167356,3
26219,99840,3
26227,177800,3
26261,46245,3
26275,32607,3
26335,178531,3
26373,50149,3
26440,184553,3
26455,79427,3
26471,187612,3
26504,66067,3
26568,158389,3
26626,141446,3
26665,73634,3
26678,20436,3
26729,55261,3
26774,135748,3
26786,155225,3
26853,152008,3
26936,184610,3
26939,46000,3
26951,106255,3
26957,110372,3
27001,157483,3
27051,24013,3
27083,118697,3
27112,183052,3
27137,158962,3
27151,91397,3
27214,51621,3
27282,79402,3
27327,71414,3
27358,10784,3
27377,84039,3
27411,186390,3
27446,189939,3
27550,109517,3
27562,6548,3
27600,35448,3
27650,145600,3
27734,80071,3
27792,111541,3
27803,86740,3
27807,641,3
27816,95331,3
27822,20441,3
27831,18056,3
27871,38631,3
27925,75479,3
27951,95016,3
27972,176080,3
27980,140917,3
28015,172059,3
28019,155900,3
28117,170688,3
28194,48276,3
28249,75252,3
28323,114123,3
28398,446,3
28457,117745,3
28460,158739,3
28489,121781,3
28511,136150,3
28545,98415,3
28658,88376,3
28720,146831,3
28737,81948,3
28788,60306,3
28795,53392,3
28800,31791,3
28835,62348,3
28844,4337,3
28863,112342,3
28941,39306,3
29007,182993,3
29015,76927,3
29021,124806,3
29026,47647,3
29072,87696,3
29117,117836,3
29151,58465,3
29163,34528,3
29171,154608,3
29233,89106,3
29242,171634,3
29274,21908,3
29277,185404,3
29319,176568,3
29322,20158,3
29325,156956,3
29360,143849,3
29378,79877,3
29389,54611,3
29431,17220,3
29440,45603,3
29518,134495,3
29578,143421,3
29641,41783,3
29692,151399,3
29714,178678,3
29746,36575,3
29756,25060,3
29768,139650,3
29805,147556,3
29813,159275,3
29823,189447,3
29885,132281,3
29905,127667,3
29931,132368,3
29970,67466,3
29973,125335,3
30033,95218,3
30053,49132,3
30057,76906,3
30062,120015,3
30072,75622,3
30084,35790,3
30090,129347,3
30105,109630,3
30109,50416,3
30271,108866,3
30297,130261,3
30302,20378,3
30385,135531,3
30405,136116,3
30420,117446,3
30533,167867,3
30577,8920,3
30647,90668,3
30666,146707,3
30719,81298,3
30742,71307,3
30752,22752,3
30764,7417,3
30806,71848,3
30820,58108,3
30833,119872,3
30857,5806,3
30944,88057,3
30947,133223,3
30993,169652,3
31016,91348,3
31043,37837,3
31104,98203,3
31169,120993,3
31175,144018,3
31183,176265,3
31214,34752,3
31280,161763,3
31323,39335,3
31359,136812,3
31402,66744,3
31449,154237,3
31456,92354,3
31476,18215,3
31612,15171,3
31657,60409,3
31717,14040,3
31821,124902,3
31854,139559,3
31867,13565,3
31934,172498,3
31994,79119,3
32038,156247,3
32071,159038,3
32142,34020,3
32160,103640,3
32190,84655,3
32199,55433,3
32261,168751,3
32312,77709,3
32316,114395,3
32319,125881,3
32352,176061,3
32355,22065,3
32359,171504,3
32405,187375,3
32418,186471,3
32437,109084,3
32459,181693,3
32496,164863,3
32507,63867,3
32523,53887,3
32610,12891,3
32649,99342,3
32677,191310,3
32707,65118,3
32746,131711,3
32780,112573,3
32787,38088,3
32823,88025,3
32852,149480,3
32902,1635,3
32993,62953,3
33028,41233,3
33046,175617,3
33133,170500,3
33141,46228,3
33185,115300,3
33206,136976,3
33209,99830,3
33245,160761,3
33295,154896,3
33346,76820,3
33350,10720,3
33384,172786,3
33395,55132,3
33401,99937,3
33414,127371,3
33453,118984,3
33465,183261,3
33470,49031,3
33480,116222,3
33498,41453,3
33506,6593,3
33514,58716,3
33550,172455,3
33601,67781,3
33606,92623,3
33666,36405,3
33685,134068,3
33713,71407,3
33728,84230,3
33777,64181,3
33781,141100,3
33815,125198,3
33838,45539,3
33943,174813,3
33979,164494,3
34019,59159,3
34048,151031,3
34076,121361,3
34122,25344,3
34126,67756,3
34129,117528,3
34148,166324,3
34180,183387,3
34193,120608,3
34274,118332,3
34291,97502,3
34298,53978,3
34360,51589,3
34380,8589,3
34407,120714,3
34425,3375,3
34437,127301,3
34457,184701,3
34465,173419,3
34499,66489,3
34569,79909,3
34623,109863,3
34648,57945,3
34689,102470,3
34695,60164,3
34739,42594,3
34742,121219,3
34750,175443,3
34755,135998,3
34766,147780,3
34844,145837,3
34892,92089,3
34908,73520,3
34937,134148,3
34947,44796,3
34961,40123,3
34985,85200,3
34996,3389,3
35016,21271,3
35019,103147,3
35058,75193,3
35096,109745,3
35123,28177,3
35191,134609,3
35261,72324,3
35311,90728,3
35359,132962,3
35373,55707,3
35416,180964,3
35440,147887,3
35454,11652,3
35481,69275,3
35494,6229,3
35556,173583,3
35602,184749,3
35668,149272,3
35699,78007,3
35747,160311,3
35761,155500,3
35808,179492,3
35865,151984,3
35888,121208,3
35921,5714,3
35990,7475,3
36068,145962,3
36106,42630,3
36188,4765,3
36203,109351,3
36220,103,3
36224,46190,3
36396,23994,3
36430,154754,3
36455,160128,3
36506,11991,3
36590,126065,3
36657,61570,3
36761,70753,3
36838,104059,3
36852,77382,3
36857,375,3
36901,60071,3
37018,100150,3
37058,14308,3
37067,74365,3
37070,28459,3
37114,78481,3
37183,60793,3
37208,98642,3
37299,150028,3
37568,135541,3
37574,113896,3
37640,182814,3
37716,116243,3
37778,6008,3
37783,168906,3
37906,113960,3
37926,93650,3
37999,132359,3
38016,147928,3
38162,188124,3
38205,157069,3
38280,93715,3
38343,71654,3
38433,170677,3
38447,12604,3
38479,184113,3
38486,81221,3
38490,148684,3
38512,116631,3
38515,21184,3
38579,176629,3
38681,99757,3
38687,76722,3
38701,73816,3
38724,120389,3
38761,93401,3
38788,64395,3
38830,135248,3
38893,53150,3
38921,142766,3
39015,135326,3
39021,108465,3
39078,121031,3
39167,42479,3
39205,122704,3
39429,58919,3
39479,160904,3
39522,161302,3
39601,133965,3
39604,92119,3
39646,27510,3
39694,88852,3
39702,188659,3
39705,157125,3
39726,177982,3
39729,182248,3
39732,171016,3
39750,74955,3
39780,73504,3
39815,8688,3
39832,78487,3
39957,93339,3
39967,145100,3
40031,147996,3
40191,6327,3
40283,184283,3
40321,2631,3
40387,135924,3
40403,119388,3
40523,11163,3
40693,161199,3
40718,17942,3
40806,58473,3
40877,7330,3
40909,69335,3
40986,67145,3
41006,80818,3
41009,168867,3
41021,112160,3
41047,8643,3
41148,123355,3
41155,92966,3
41276,104621,3
41289,36786,3
41324,81890,3
41402,151804,3
41416,23602,3
41427,173806,3
41516,184983,3
41595,81084,3
41605,54985,3
41638,150565,3
41659,184247,3
41662,112705,3
41736,48841,3
41743,101174,3
41821,38897,3
41876,72297,3
41946,56076,3
41952,89183,3
41965,158564,3
42044,176068,3
42126,80494,3
42140,104309,3
42189,94075,3
42202,71567,3
42280,32210,3
42362,6093,3
42482,132253,3
42572,151300,3
42665,74338,3
42681,102938,3
42686,26088,3
42771,146501,3
42830,69113,3
42912,164045,3
43074,44178,3
43110,37210,3
43123,77133,3
43164,33711,3
43221,68336,3
43402,161944,3
43511,42392,3
43518,181828,3
43576,111054,3
43635,73842,3
43644,5147,3
43664,166150,3
43711,92338,3
43744,143418,3
43827,16854,3
44053,158574,3
44056,191822,3
44213,41715,3
44282,2382,3
44341,120575,3
44350,86967,3
44427,106023,3
44442,93132,3
44590,46095,3
44611,81230,3
44654,155125,3
44657,114498,3
44772,93907,3
44799,12121,3
44811,10797,3
44828,74446,3
45021,4801,3
45032,27811,3
45097,144621,3
45101,103532,3
45120,170495,3
45123,47598,3
45244,42432,3
45371,162294,3
45392,67963,3
45449,160945,3
45511,77138,3
45549,129911,3
45553,3834,3
45559,30726,3
45564,166717,3
45623,113513,3
45648,21874,3
45732,79400,3
45737,115604,3
45836,153678,3
45908,88965,3
46060,89018,3
46079,33726,3
46090,177271,3
46105,133365,3
46124,32401,3
46167,139269,3
46199,190566,3
46258,52593,3
46278,115735,3
46290,74394,3
46297,40495,3
46306,60755,3
46323,143759,3
46328,179845,3
46351,160362,3
46368,159113,3
46388,106574,3
46395,1487,3
46401,20256,3
46423,47366,3
46455,136649,3
46465,96163,3
46491,110108,3
46515,61533,3
46572,140626,3
46575,188101,3
46578,123649,3
46622,62121,3
46644,147112,3
46671,141732,3
46676,84176,3
46680,170925,3
46695,159449,3
46711,12182,3
46723,104759,3
46748,54016,3
46763,149691,3
46779,62489,3
46803,131142,3
46815,13711,3
46821,30745,3
46833,187042,3
46896,13673,3
46916,2318,3
46964,78018,3
46967,174492,3
46990,87036,3
47014,71019,3
47037,82145,3
47048,130205,3
47067,42924,3
47088,10831,3
47092,27024,3
47104,825,3
47109,51128,3
47112,134828,3
47115,169563,3
47118,141014,3
47158,143227,3
47162,153090,3
47166,175954,3
47183,103911,3
47210,143944,3
47213,182797,3
47221,3246,3
47231,10525,3
47235,81950,3
47248,181969,3
47265,88872,3
47274,62141,3
47287,173621,3
47302,140048,3
47310,184095,3
47332,137464,3
47341,16947,3
47354,19209,3
47372,145712,3
47389,158356,3
47393,142446,3
47401,14592,3
47424,149240,3
47430,80379,3
47458,137822,3
47465,52207,3
47493,76989,3
47510,109116,3
47513,183094,3
47525,171006,3
47540,98447,3
47555,8974,3
47582,62003,3
47610,36632,3
47634,37077,3
47638,10251,3
47663,145478,3
47713,88294,3
47758,42412,3
47797,110268,3
47835,170656,3
47847,82847,3
47866,146887,3
47892,123314,3
47896,41105,3
47930,25435,3
47952,90583,3
47959,51940,3
47963,19431,3
48001,114697,3
48020,45038,3
48033,117327,3
48039,163420,3
48055,168088,3
48075,151814,3
48091,98605,3
48119,61432,3
48122,10505,3
48140,32499,3
48143,48708,3
48158,51237,3
48162,190173,3
48195,28413,3
48200,58327,3
48205,116415,3
48259,164987,3
48266,78910,3
48275,142707,3
48282,117217,3
48287,115539,3
48298,16267,3
48301,33209,3
48310,1655,3
48313,120557,3
48317,103957,3
48324,98297,3
48327,55928,3
48339,87379,3
48356,165377,3
48363,102715,3
48370,66721,3
48377,78542,3
48400,187253,3
48407,63993,3
48413,124538,3
48421,159374,3
48429,27107,3
48452,130269,3
48463,12138,3
48469,78879,3
48476,29111,3
48479,111082,3
48502,168664,3
48505,80534,3
48516,185444,3
48519,175569,3
48534,187736,3
48545,107652,3
48553,98769,3
48556,168693,3
48576,47062,3
48582,28737,3
48591,25477,3
48603,148092,3
48608,106841,3
48628,65741,3
48631,163955,3
48635,45195,3
48640,166117,3
48643,115745,3
48652,17051,3
48659,90399,3
48670,89514,3
48675,129367,3
48692,27322,3
48706,171519,3
48710,34071,3
48720,114097,3
48735,49093,3
48746,47123,3
48760,132147,3
48764,95724,3
48771,108075,3
48840,8577,3
48854,115600,3
48862,93219,3
48865,144846,3
48883,115095,3
48889,33406,3
48897,91050,3
48901,111826,3
48906,77708,3
48911,184598,3
48920,155024,3
48940,66880,3
48945,83748,3
48948,65914,3
48955,36205,3
48965,36698,3
48975,122698,3
48978,63608,3
48982,19874,3
48995,187576,3
49001,132959,3
49005,162608,3
49032,176000,3
49043,9196,3
49048,169275,3
49060,26248,3
49085,80007,3
49092,101326,3
49095,189637,3
49106,53911,3
49124,178565,3
49127,139321,3
49135,189787,3
49145,127239,3
49154,67216,3
49167,26797,3
49171,35024,3
49178,2051,3
49194,106910,3
49199,84322,3
49220,28032,3
49329,7246,3
49332,53312,3
49344,185994,3
49350,85405,3
49357,13013,3
49360,49877,3
49375,168178,3
49380,97424,3
49410,17335,3
49433,182021,3
49445,161324,3
49451,41716,3
49454,79523,3
49459,33223,3
49469,73445,3
49481,13986,3
49484,78424,3
49489,3808,3
49499,135468,3
49554,27478,3
49573,127001,3
49601,66225,3
49606,66123,3
49637,191964,3
49648,137495,3
49657,83356,3
49668,15157,3
49677,111656,3
49682,143856,3
49707,72523,3
49715,175211,3
49718,19031,3
49722,169957,3
49730,43082,3
49734,50018,3
49760,68386,3
49782,174628,3
49786,157814,3
49802,138512,3
49805,167844,3
49809,128622,3
49817,88888,3
49823,168907,3
49826,81680,3
49839,60151,3
49845,186100,3
49851,111866,3
49855,24925,3
49858,80225,3
49862,17574,3
49869,174835,3
49878,169728,3
49883,23902,3
49895,80385,3
49903,44176,3
49908,61931,3
49924,147466,3
49932,124241,3
49938,171458,3
49946,75395,3
49950,134261,3
49973,182813,3
49981,142629,3
49989,173481,3
49993,142442,3
50022,184593,3
50033,39866,3
50037,29134,3
50041,100376,3
50045,179686,3
50136,109412,3
50150,104040,3
50174,114757,3
50185,65463,3
50193,78414,3
50206,122877,3
50209,66339,3
50213,12919,3
50224,149105,3
50254,17507,3
50263,35719,3
50271,60905,3
50275,60418,3
50279,184737,3
50292,54663,3
50295,112357,3
50306,143004,3
50309,166111,3
50316,12401,3
50324,80470,3
50330,90284,3
50350,164124,3
50353,3243,3
50464,135117,3
50476,65558,3
50482,119781,3
50494,173929,3
50499,53973,3
50503,47377,3
50510,3058,3
50518,82534,3
50527,56342,3
50533,80032,3
50538,122893,3
50551,42429,3
50574,109475,3
50577,24756,3
50589,92360,3
50599,75078,3
50602,88751,3
50608,48996,3
50617,113867,3
50631,139410,3
50635,769,3
50644,29458,3
50653,35097,3
50656,29771,3
50659,119673,3
50662,184073,3
50673,125097,3
50679,167632,3
50692,131643,3
50697,138058,3
50712,163449,3
50723,123682,3
50726,29505,3
50741,159592,3
50748,18271,3
50756,105126,3
50769,85957,3
50781,31124,3
50789,176857,3
50794,112561,3
50798,120204,3
50803,118121,3
50806,180849,3
50809,61106,3
50828,102911,3
50833,46143,3
50840,123405,3
50844,187546,3
50848,113934,3
50859,128279,3
50862,172559,3
50870,130857,3
50908,142845,3
50912,59724,3
50927,32338,3
50936,90846,3
50942,29074,3
50947,128361,3
50961,21072,3
50966,55982,3
50971,158079,3
50983,101678,3
50990,90273,3
51001,36159,3
51022,108593,3
51043,93772,3
51050,48668,3
51061,52346,3
51066,82721,3
51079,166273,3
51084,154652,3
51090,125559,3
51093,134739,3
51098,157638,3
51106,191817,3
51150,73878,3
51172,137104,3
51176,23134,3
51181,157443,3
51184,72339,3
51205,152058,3
51210,36931,3
51214,37926,3
51226,188285,3
51234,55522,3
51237,27994,3
51240,46917,3
51264,134124,3
51278,167681,3
51299,85867,3
51304,144503,3
51309,55021,3
51314,122839,3
51335,190305,3
51349,184282,3
51354,36633,3
51358,6232,3
51364,151390,3
51367,129496,3
51381,134490,3
51385,26777,3
51390,96267,3
51395,22126,3
51398,119674,3
51406,125283,3
51414,37463,3
51421,144721,3
51424,179369,3
51427,163157,3
51441,148233,3
51446,79078,3
51449,92677,3
51456,14223,3
51464,98997,3
51470,117239,3
51478,139982,3
51489,179350,3
51494,78851,3
51501,148691,3
51528,25421,3
51532,57574,3
51535,122532,3
51538,17366,3
51546,47516,3
51553,54569,3
51572,27208,3
51578,97958,3
51586,56686,3
51590,141539,3
51601,132165,3
51616,147771,3
51621,88996,3
51637,191947,3
51644,10724,3
51647,189896,3
51650,87777,3
51657,139694,3
51662,100592,3
51668,11779,3
51678,50312,3
51693,113007,3
51704,104715,3
51709,103775,3
51713,182920,3
51719,21207,3
51737,189611,3
51740,159352,3
51748,142886,3
51755,172363,3
51767,18476,3
51771,32228,3
51774,79529,3
51782,63870,3
51786,145792,3
51790,95902,3
51797,7617,3
51813,52830,3
51820,127912,3
51823,53117,3
51831,4844,3
51839,61697,3
51887,45109,3
51899,158227,3
51920,77742,3
51955,54078,3
51958,14773,3
51961,91056,3
51964,174473,3
51967,18889,3
51974,33793,3
51979,63624,3
51986,79148,3
51996,73771,3
51999,122624,3
52006,65982,3
52012,159334,3
52024,121638,3
52027,107175,3
52040,51055,3
52045,189263,3
52050,1136,3
52060,48035,3
52067,166070,3
52072,154731,3
52082,115504,3
52085,55286,3
52110,142064,3
52153,44945,3
52158,82264,3
52166,8724,3
52171,32563,3
52189,100310,3
52193,101550,3
52241,160966,3
52246,59166,3
52253,99585,3
52259,18062,3
52270,182481,3
52274,45231,3
52280,63118,3
52283,86376,3
52290,29948,3
52306,123722,3
52309,32949,3
52314,16572,3
52317,16738,3
52331,189045,3
52335,28934,3
52340,143694,3
52348,132057,3
52371,136775,3
52376,40827,3
52379,126176,3
52386,142246,3
52391,111112,3
52396,147317,3
52399,87849,3
52421,57142,3
52435,59359,3
52438,192553,3
52447,173953,3
52476,167530,3
52493,92161,3
52552,84905,3
52555,25019,3
52568,174742,3
52572,49603,3
52579,68056,3
52582,62594,3
52587,187154,3
52603,108366,3
52607,54993,3
52614,142827,3
52623,103352,3
52660,183327,3
52663,117241,3
52671,163977,3
52677,75362,3
52686,100305,3
52689,154865,3
52704,76018,3
52712,3418,3
52722,112704,3
52728,59808,3
52731,4763,3
52736,144180,3
52744,75478,3
52755,133518,3
52758,22177,3
52806,32196,3
52809,105198,3
52821,11214,3
52837,92550,3
52857,180638,3
52866,112593,3
52870,109030,3
52878,117538,3
52883,59189,3
52888,107357,3
52895,47493,3
52901,335,3
52904,143046,3
52909,108527,3
52921,113774,3
52924,139574,3
52938,75022,3
52946,70342,3
52949,112657,3
52959,74845,3
52962,153314,3
52966,110543,3
52970,142748,3
52977,137098,3
52982,172544,3
52989,136170,3
53017,179247,3
53025,126196,3
53030,28321,3
53043,57115,3
53052,180308,3
53057,88572,3
53061,88101,3
53067,111906,3
53097,18060,3
53104,139494,3
53118,13828,3
53147,33152,3
53157,135255,3
53164,97677,3
53197,179751,3
53220,42319,3
53254,173516,3
53279,150016,3
53290,181605,3
53310,18241,3
53347,35130,3
53368,31179,3
53419,191633,3
53427,31878,3
53440,182356,3
53475,119374,3
53481,105968,3
53498,133806,3
53531,42033,3
53548,12647,3
53569,126511,3
53575,15026,3
53581,28617,3
53590,132254,3
53604,117883,3
53621,189283,3
53671,119668,3
53703,53246,3
53721,191566,3
53740,120959,3
53764,2102,3
53777,176020,3
53811,18416,3
53820,71201,3
53850,186465,3
53862,101059,3
53868,81724,3
53885,121829,3
53897,83003,3
53907,96344,3
53910,67956,3
53915,18374,3
53920,103151,3
53933,87060,3
53957,171086,3
53986,159715,3
53996,185531,3
54003,18459,3
54029,35902,3
54041,139768,3
54059,50061,3
54120,98639,3
54123,127117,3
54128,96076,3
54145,148344,3
54168,39959,3
54180,56607,3
54221,465,3
54227,29166,3
54252,168383,3
54258,182071,3
54281,52977,3
54297,136348,3
54302,90548,3
54320,55597,3
54353,3245,3
54366,38155,3
54395,93988,3
54400,172163,3
54444,5776,3
54472,94151,3
54488,129348,3
54503,50351,3
54523,90725,3
54533,151855,3
54546,149822,3
54551,103565,3
54554,188741,3
54557,101121,3
54567,14276,3
54571,45043,3
54574,151642,3
54584,56787,3
54587,88758,3
54601,190513,3
54607,149800,3
54610,131611,3
54619,166173,3
54628,136427,3
54646,30733,3
54654,76414,3
54668,185340,3
54671,124047,3
54678,143979,3
54685,81104,3
54690,82188,3
54693,67538,3
54701,116198,3
54706,138084,3
54709,18171,3
54724,88496,3
54730,17589,3
54734,100272,3
54741,11319,3
54751,56602,3
54756,187492,3
54760,89283,3
54818,118203,3
54827,185117,3
54831,44294,3
54835,39024,3
54839,84432,3
54847,12741,3
54860,107643,3
54863,11862,3
54870,1174,3
54876,182533,3
54879,105667,3
54893,127992,3
54896,145726,3
54902,191973,3
54906,176289,3
54912,98585,3
54916,157962,3
54921,73332,3
54927,71761,3
54936,190428,3
54941,152915,3
54945,155571,3
54948,18160,3
54955,85656,3
54958,3464,3
54969,18101,3
54973,114762,3
54999,176745,3
55005,141590,3
55017,83120,3
55022,51218,3
55025,93755,3
55028,57754,3
55033,119408,3
55037,170725,3
55046,2402,3
55053,120792,3
55058,143391,3
55061,107466,3
55070,54151,3
55073,67807,3
55077,52722,3
55080,154574,3
55083,134229,3
55091,47490,3
55094,156255,3
55105,149450,3
55112,81475,3
55124,131864,3
55127,165326,3
55139,186795,3
55143,144418,3
55152,120751,3
55156,122767,3
55161,104606,3
55164,19068,3
55170,141830,3
55184,43725,3
55189,94576,3
55192,163972,3
55202,43279,3
55210,82873,3
55248,92267,3
55251,150746,3
55283,169711,3
55307,23661,3
55342,31707,3
55346,40431,3
55353,16278,3
55363,19301,3
55403,137361,3
55408,2349,3
55434,105151,3
55454,130238,3
55490,6539,3
55499,54975,3
55528,85565,3
55574,118398,3
55587,17626,3
55615,44815,3
55622,101923,3
55645,29190,3
55686,161539,3
55690,72962,3
55757,163256,3
55807,181368,5
55811,13753,5
55814,158223,5
55817,190809,5
55825,108885,5
55828,50474,5
55847,123943,5
55850,46286,5
55882,46907,5
55898,50833,5
55924,133736,5
55964,27506,5
55967,122543,5
55985,49599,5
56004,68409,5
56013,166788,5
56021,66217,5
56032,105498,5
56059,10382,5
56073,68002,5
56093,35337,5
56174,21199,5
56198,16752,5
56225,179517,5
56295,176371,5
56315,77878,5
56340,17465,5
56355,72376,5
56362,25275,5
56471,20344,5
56485,114082,5
56509,169614,5
56512,191901,5
56648,98610,5
56666,55254,5
56720,142403,5
56762,3554,5
56808,65298,5
56814,73537,5
56843,88167,5
56852,157373,5
56886,16079,5
56908,35083,5
56941,55006,5
57002,41831,5
57008,140473,5
57037,82746,5
57089,52443,5
57147,117596,5
57151,19138,5
57209,161380,5
57228,49557,5
57265,178021,5
57283,117823,5
57327,127507,5
57347,10325,5
57428,44360,5
57456,91898,5
57527,28664,5
57552,188890,5
57558,56658,5
57579,36458,5
57654,184557,5
57718,179976,5
57727,37202,5
57739,78587,5
57748,140772,5
57809,121127,5
57873,48218,5
57928,20924,5
57968,87804,5
58002,175462,5
58006,156877,5
58012,140728,5
58036,79453,5
58061,134607,5
58087,10411,5
58113,81366,5
58227,98404,5
58244,25277,5
58291,174375,5
58327,66272,5
58339,98550,5
58361,45664,5
58403,59562,5
58417,152356,5
58451,155609,5
58471,129026,5
58529,87690,5
58550,79774,5
58562,125329,5
58575,130082,5
58606,95995,5
58610,89518,5
58613,106478,5
58621,155163,5
58695,97778,5
58700,151159,5
58723,131012,5
58738,59549,5
58779,94842,5
58794,12693,5
58831,47794,5
58841,53236,5
58851,176990,5
58967,135016,5
59029,94958,5
59043,156552,5
59065,5663,5
59090,141746,5
59095,183338,5
59122,5682,5
59154,44684,5
59182,169715,5
59269,134581,5
59275,4993,5
59370,87937,5
59373,49324,5
59415,13446,5
59418,185259,5
59484,107440,5
59505,40109,5
59521,3343,5
59572,134630,5
59654,25820,5
59688,67316,5
59710,63599,5
59787,174820,5
59840,99399,5
59902,45327,5
59921,76215,5
59948,8320,5
59985,62741,5
60028,58407,5
60072,188045,5
60137,154470,5
60282,95000,5
60288,62524,5
60292,10826,5
60429,183675,5
60533,63927,5
60566,101019,5
60583,153952,5
60626,149165,5
60653,88960,5
60671,189328,5
60731,74466,5
60756,14876,5
60767,70000,5
60799,64511,5
60818,128325,5
60831,28040,5
60909,149829,5
60986,114038,5
61024,63481,5
61046,174459,5
61065,127755,5
61083,14146,5
61097,85718,5
61112,118439,5
61199,107722,5
61231,90637,5
61254,87305,5
61281,38610,5
61309,190935,5
61321,66392,5
61385,19439,5
61420,108247,5
61455,189506,5
61471,103003,5
61482,100330,5
61538,9453,5
61555,44897,5
61575,143533,5
61589,61188,5
61629,125012,5
61664,27012,5
61677,161766,5
61769,89134,5
61805,152253,5
61812,3986,5
61842,184948,5
61888,132207,5
62030,167611,5
62041,179024,5
62057,119362,5
62100,18796,5
62123,42919,5
62134,94331,5
62173,79516,5
62200,35111,5
62253,153456,5
62298,86210,5
62332,38979,5
62341,33749,5
62349,188830,5
62366,95158,5
62377,5925,5
62385,42804,5
62431,25209,5
62434,26426,5
62463,63920,5
62544,189296,5
62548,49235,5
62613,129848,5
62617,105168,5
62632,82837,5
62651,33534,5
62660,59154,5
62672,97460,5
62697,190078,5
62732,123063,5
62754,184838,5
62818,25521,5
62824,72664,5
62832,145741,5
62876,190165,5
62884,76219,5
62888,147055,5
62904,147480,5
62913,40904,5
62933,181997,5
62978,48567,5
62987,128537,5
62994,178255,5
63024,84097,5
63031,22704,5
63060,150948,5
63087,93288,5
63095,53890,5
63105,75441,5
63148,78806,5
63157,98588,5
63164,94484,5
63185,76084,5
63231,167085,5
63249,102702,5
63276,16689,5
63280,56969,5
63364,179380,5
63381,5621,5
63390,65100,5
63397,79135,5
63412,57779,5
63484,174077,5
63492,16362,5
63515,2519,5
63526,82006,5
63641,183678,5
63682,117654,5
63686,35546,5
63748,103149,5
63914,60499,5
63979,162523,5
64038,112494,5
64068,145575,5
64071,118732,5
64082,26053,5
64133,149857,5
64164,116875,5
64178,111805,5
64183,58702,5
64198,56802,5
64211,56898,5
64237,174646,5
64254,82455,5
64287,158524,5
64314,139886,5
64343,157402,5
64371,167842,5
64389,82777,5
64436,176495,5
64471,129564,5
64519,116137,5
64658,157238,5
64662,2686,5
64683,37831,5
64729,25602,5
64738,173407,5
64774,30797,5
64789,81175,5
64817,144833,5
64832,75947,5
64865,82751,5
64902,109135,5
64913,165794,5
64934,10560,5
64943,72972,5
65068,10373,5
65090,47760,5
65124,122887,5
65134,132822,5
65175,129172,5
65204,129455,5
65237,143948,5
65243,147148,5
65275,185809,5
65283,189545,5
65302,82398,5
65656,131342,5
65675,41150,5
65704,2782,5
65759,140480,5
65813,52415,5
65830,105531,5
65859,175461,5
65876,129141,5
65888,28504,5
65902,120927,5
65914,75699,5
65960,33976,5
66119,65276,5
66145,45909,5
66175,20606,5
66210,64853,5
66246,159498,5
66255,135290,5
66292,7351,5
66340,175495,5
66349,125968,5
66395,177231,5
66453,35962,5
66475,118573,5
66519,142767,5
66558,170423,5
66587,90386,5
66617,16900,5
66642,42679,5
66800,71618,5
66805,138766,5
66826,100192,5
66846,40308,5
66882,166748,5
66886,127072,5
66893,14114,5
66942,17274,5
66950,70923,5
67106,192403,5
67159,6644,5
67183,125391,5
67204,1329,5
67213,110242,5
67218,69121,5
67228,113772,5
67242,2394,5
67248,72898,5
67277,114954,5
67311,68737,5
67346,140045,5
67418,55830,5
67492,151639,5
67516,98609,5
67571,100481,5
67687,69276,5
67691,175116,5
67694,172614,5
67832,120950,5
67894,134842,5
67957,9298,5
67971,149147,5
67996,62955,5
68005,5312,5
68037,93942,5
68046,178278,5
68074,62679,5
68120,114355,5
68126,170710,5
68130,19037,5
68142,139706,5
68162,174389,5
68165,88413,5
68236,41939,5
68242,190370,5
68245,74310,5
68271,81258,5
68302,91768,5
68319,3985,5
68334,142124,5
68341,45621,5
68367,174051,5
68422,129033,5
68431,77626,5
68455,93246,5
68462,86010,5
68466,114190,5
68489,155672,5
68501,44776,5
68519,122523,5
68526,112460,5
68531,103341,5
68556,138450,5
68585,9415,5
68588,13472,5
68591,33340,5
68634,120003,5
68644,164649,5
68660,33324,5
68664,38828,5
68684,43893,5
68690,172696,5
68701,175553,5
68726,177343,5
68768,45676,5
68794,5719,5
68803,151928,5
68821,100232,5
68837,5629,5
68851,6477,5
68872,19409,5
68885,115952,5
68901,146737,5
68932,68172,5
68941,5193,5
68951,81008,5
68958,11731,5
68964,32462,5
68985,8130,5
68997,102446,5
69000,46546,5
69044,65141,5
69063,132204,5
69087,73416,5
69154,129671,5
69175,65077,5
69187,112244,5
69196,55793,5
69205,118654,5
69211,39841,5
69257,105194,5
69270,30186,5
69298,146901,5
69333,90032,5
69346,139296,5
69366,101972,5
69376,128524,5
69408,13521,5
69416,160410,5
69420,82427,5
69428,125602,5
69431,141258,5
69435,23586,5
69438,83397,5
69443,109036,5
69446,157825,5
69454,168374,5
69463,121464,5
69550,115954,5
69562,85018,5
69580,143313,5
69585,89210,5
69589,70009,5
69598,159198,5
69605,164804,5
69826,164524,5
69866,16661,5
69869,46493,5
69875,83250,5
69882,96808,5
69899,74837,5
69915,119471,5
69922,7941,5
69925,45592,5
69935,33429,5
69944,42655,5
70029,165902,5
70088,104881,5
70099,62717,5
70164,108484,5
70174,41358,5
70188,58198,5
70237,117409,5
70242,62783,5
70258,152173,5
70272,118382,5
70284,150717,5
70307,168232,5
70327,48647,5
70364,159073,5
70372,101439,5
70392,167741,5
70404,118124,5
70415,5047,5
70424,121259,5
70469,68779,5
70488,148485,5
70495,181475,5
70556,171761,5
70606,134320,5
70616,50459,5
70678,106716,5
70716,46418,5
70760,126161,5
70806,182012,5
70824,34676,5
70838,61165,5
70851,144862,5
70866,147955,5
70886,99671,5
70900,106445,5
70916,135920,5
70920,140541,5
70929,12683,5
70970,79318,5
70977,97230,5
70981,59416,5
70993,128206,5
71037,17461,5
71068,66924,5
71074,147109,5
71113,47841,5
71154,14473,5
71158,148421,5
71184,142297,5
71199,2655,5
71232,44669,5
71240,64799,4
71243,110519,4
71246,29387,4
71249,5808,4
71252,46714,4
71259,88430,4
71262,154160,4
71265,24772,4
71268,146556,4
71271,154489,4
71274,61550,4
71277,150541,4
71280,63752,4
71284,184537,4
71297,86013,4
71310,84773,4
71321,87704,4
71352,35283,4
71406,1667,4
71409,23959,4
71413,68568,4
71429,20691,4
71442,125888,4
71510,94147,4
71516,43959,4
71522,128328,4
71525,129721,4
71540,102406,4
71555,148291,4
71560,90962,4
71565,93652,4
71571,18087,4
71580,192187,4
71586,17138,4
71599,106671,4
71607,55489,4
71614,160148,4
71633,55803,4
71636,14935,4
71647,128839,4
71654,69221,4
71661,151520,4
71691,94157,4
71694,35752,4
71702,26761,4
71749,30782,4
71759,16462,4
71766,116495,4
71791,88851,4
71798,95306,4
71848,157481,4
71864,14197,4
71880,114834,4
71892,56768,4
71900,129122,4
71907,135444,4
71942,103348,4
71957,29272,4
71962,112007,4
71969,104080,4
71980,150397,4
71986,86723,4
71995,137977,4
72007,160034,4
72018,172105,4
72028,79317,4
72034,28690,4
72043,23907,4
72046,114411,4
72056,160473,4
72068,17630,4
72076,94289,4
72087,138808,4
72158,45643,4
72167,18323,4
72179,167159,4
72196,57924,4
72204,47848,4
72301,44934,4
72306,16777,4
72333,20181,4
72337,125136,4
72344,64236,4
72401,67681,4
72417,145874,4
72429,28969,4
72443,138253,4
72449,158807,4
72455,145865,4
72469,15018,4
72483,29363,4
72490,157715,4
72512,137393,4
72523,77534,4
72566,6192,4
72579,168592,4
72598,5938,4
72612,129793,4
72616,189203,4
72674,75620,4
72686,21617,4
72690,169067,4
72699,188624,4
72741,182081,4
72751,30446,4
72813,150085,4
72817,153811,4
72831,23935,4
72844,78050,4
72854,18565,4
72867,52482,4
72929,137064,4
72938,158275,4
72947,131090,4
72954,26118,4
72962,166690,4
72973,68693,4
72977,45266,4
72986,110047,4
73016,84585,4
73023,189999,4
73095,115731,4
73105,137886,4
73108,156540,4
73113,161812,4
73119,4945,4
73124,123617,4
73136,22966,4
73156,146705,4
73173,177843,4
73181,179015,4
73262,60253,4
73334,89321,4
73353,176649,4
73358,187873,4
73368,147539,4
73436,160018,4
73445,16835,4
73489,102048,4
73502,143093,4
73542,111937,4
73596,41459,4
73603,124730,4
73624,61290,4
73640,107936,4
73721,162254,4
73762,3281,4
73769,105556,4
73813,159963,4
73833,28630,4
73841,81018,4
73942,145509,4
73968,128027,4
73996,184833,4
74004,191800,4
74027,125298,4
74043,152059,4
74059,171918,4
74064,136541,4
74130,17431,4
74194,43691,4
74197,82972,4
74208,48854,4
74214,177529,4
74224,100479,4
74227,128420,4
74247,117293,4
74293,170098,4
74299,136615,4
74310,99429,4
74323,50812,4
74332,82507,4
74340,174965,4
74352,64879,4
74371,134692,4
74377,87783,4
74384,53257,4
74392,126589,4
74399,19165,4
74428,23119,4
74431,119129,4
74436,13718,4
74444,73157,4
74489,45693,4
74497,59943,4
74508,147103,4
74514,172649,4
74531,183273,4
74540,43558,4
74554,9515,4
74559,89324,4
74611,140135,4
74618,96671,4
74644,122164,4
74658,21833,4
74666,99107,4
74672,80790,4
74679,122323,4
74687,106104,4
74696,5284,4
74710,142602,4
74747,9789,4
74761,151285,4
74764,62194,4
74767,10555,4
74778,14393,4
74786,20584,4
74836,7134,4
74846,160923,4
74856,5053,4
74860,107277,4
74864,52034,4
74908,67292,4
74926,38142,4
74935,67579,4
74981,166851,4
74986,123980,4
74989,155598,4
75006,171965,4
75010,151498,4
75031,26298,4
75055,183313,4
75066,130654,4
75071,92425,4
75086,62858,4
75143,113577,4
75177,85649,4
75181,14769,4
75186,154753,4
75200,163461,4
75215,154101,4
75230,64218,4
75257,142965,4
75264,98043,4
75281,181068,4
75293,17653,4
75297,93410,4
75309,169001,4
75356,191362,4
75389,141314,4
75393,49650,4
75458,172512,4
75467,103710,4
75472,43100,4
75534,47912,4
75544,19194,4
75552,152827,4
75563,126273,4
75575,166498,4
75585,115125,4
75613,15963,4
75620,108980,4
75628,43346,4
75632,85783,4
75645,188302,4
75649,8245,4
75664,161893,4
75674,112876,4
75680,169160,4
75695,72138,4
75788,6406,4
75860,39654,4
75867,86266,4
75872,126131,4
75882,134958,4
75890,121001,4
75900,121859,4
75935,134006,4
75954,191286,4
75964,32330,4
75973,144154,4
75986,39934,4
75997,79711,4
76023,60373,4
76032,118155,4
76037,24936,4
76060,27392,4
76066,64751,4
76072,82927,4
76140,112814,4
76154,99501,4
76167,22744,4
76182,73874,4
76197,35323,4
76211,4191,4
76225,46390,4
76241,393,4
76311,164386,4
76325,184739,4
76353,173248,4
76361,153981,4
76366,100807,4
76376,114061,4
76388,85396,4
76398,102582,4
76401,70224,4
76406,94847,4
76409,103965,4
76427,11204,4
76430,24639,4
76442,192180,4
76461,166356,4
76464,159733,4
76473,9623,4
76477,148490,4
76480,92568,4
76492,95814,4
76498,188114,4
76504,190970,4
76539,5695,4
76556,57139,4
76562,79581,4
76565,155624,4
76568,34129,4
76581,131536,4
76584,151236,4
76599,164385,4
76604,185425,4
76615,8934,4
76620,16081,4
76627,71086,4
76630,156653,4
76643,90045,4
76679,79615,4
76682,101683,4
76707,13741,4
76711,114630,4
76718,60601,4
76723,131732,4
76729,54956,4
76741,37114,4
76747,146694,4
76765,19159,4
76774,31153,4
76778,90655,4
76814,179317,4
76817,143603,4
76820,190336,4
76835,88729,4
76872,51900,4
76875,75338,4
76884,78413,4
76914,56091,4
76944,29416,4
76963,100115,4
76969,135252,4
76983,100874,4
76987,112203,4
76999,121205,4
77004,151332,4
77012,39223,4
77018,97967,4
77023,2888,4
77033,143316,4
77039,111310,4
77044,107578,4
77066,46819,4
77079,54031,4
77082,174786,4
77086,165659,4
77096,102693,4
77100,46028,4
77122,49302,4
77125,134614,4
77128,119772,4
77131,69227,4
77149,20420,4
77154,127522,4
77178,180846,4
77197,59889,4
77200,151677,4
77204,98468,4
77211,185292,4
77214,31442,4
77226,27579,4
77234,12122,4
77238,64810,4
77245,102882,4
77260,139495,4
77279,167982,4
77307,141153,4
77310,177956,4
77342,154699,4
77346,49318,4
77360,182308,4
77363,104915,4
77378,26179,4
77382,142022,4
77385,135645,4
77403,77240,4
77426,5721,4
77451,101274,4
77472,147645,4
77485,43717,4
77488,97327,4
77493,6090,4
77497,186924,4
77503,147608,4
77511,71357,4
77516,169916,4
77521,38264,4
77524,112463,4
77530,114200,4
77533,4979,4
77543,62864,4
77555,36310,4
77572,83825,4
77583,189435,4
77602,87163,4
77615,36065,4
77632,45828,4
77654,110546,4
77661,29940,4
77675,135961,4
77689,76155,4
77699,35749,4
77706,157463,4
77719,181141,4
77755,39822,4
77792,86684,4
77808,170316,4
77827,122149,4
77834,70493,4
77905,76251,4
77918,129208,4
77979,152713,4
77982,118506,4
77999,45046,4
78004,86877,4
78024,120111,4
78037,51640,4
78055,189245,4
78082,56962,4
78139,114789,4
78144,114700,4
78263,156454,4
78278,119205,4
78307,50727,4
78311,33896,4
78335,25656,4
78354,99402,4
78377,101570,4
78388,177238,4
78400,130354,4
78410,106690,4
78422,94465,4
78425,35464,4
78495,53,4
78504,51379,4
78512,3287,4
78553,164329,4
78572,17529,4
78618,119871,4
78623,24678,4
78635,39909,4
78656,154366,4
78659,29528,4
78673,110014,4
78683,44738,4
78703,134478,4
78769,33758,4
78777,175219,4
78788,34443,4
78816,89503,4
78911,71853,4
78934,102461,4
78946,183620,4
78956,91231,4
78962,80477,4
78987,57445,4
79002,98402,4
79014,169373,4
79042,160985,4
79046,171443,4
79053,41825,4
79062,68307,4
79113,81283,4
79147,168548,4
79194,34469,4
79279,110240,4
79328,152401,4
79331,126692,4
79358,90508,4
79361,177240,4
79372,137507,4
79460,45187,4
79473,117366,4
79543,16558,4
79571,135482,4
79585,148321,4
79589,148412,4
79605,117902,4
79614,126129,4
79629,6323,4
79641,131131,4
79651,17408,4
79663,49023,4
79674,123755,4
79687,161293,4
79695,114366,4
79704,258,4
79739,142095,4
79756,22468,4
79769,132345,4
79784,172384,4
79799,30729,4
79813,170528,4
79829,51110,4
79839,47115,4
79845,47317,4
79874,108262,4
79942,161247,4
79947,180137,4
79961,185750,4
79974,138229,4
79980,41117,4
79983,143945,4
80007,21466,4
80014,149217,4
80019,132196,4
80034,177446,4
80041,136217,4
80056,100199,4
80063,38637,4
80071,9319,4
80080,42990,4
80092,117607,4
80103,126181,4
80204,101340,4
80303,117861,4
80329,85057,4
80345,140477,4
80348,108648,4
80351,139608,4
80372,75875,4
80386,250,4
80398,112058,4
80404,21965,4
80414,13927,4
80425,26616,4
80436,188210,4
80517,188920,4
80528,77848,4
80555,119547,4
80577,87017,4
80594,47831,4
80620,164056,4
80633,177590,4
80651,136174,4
80663,3928,4
80682,179477,4
80685,64360,4
80693,17954,4
80702,87094,4
80706,65671,4
80709,87842,4
80712,72915,4
80717,105402,4
80720,146758,4
80725,177132,4
80731,101060,4
80734,45233,4
80737,109233,4
80745,161843,4
80748,37353,4
80751,76919,4
80754,99013,4
80760,108005,4
80769,86647,4
80773,190206,4
80778,84724,4
80794,92050,4
80798,192324,4
80801,97251,4
80804,4666,4
80808,180789,4
80812,62289,4
80815,41816,4
80818,147904,4
80823,64350,4
80828,30940,4
80852,4349,4
80855,49559,4
80865,170176,4
80869,116047,4
80875,120453,4
80880,25950,4
80883,136514,4
80886,173058,4
80894,104760,4
80910,976,4
80916,189483,4
80919,192404,4
80922,107975,4
80929,71530,4
80942,151614,4
80946,56072,4
80950,71005,4
80962,8582,4
80965,49655,4
80968,136668,4
80977,154958,4
80980,192230,4
80983,163454,4
80991,129888,4
80994,37969,4
81013,112747,4
81017,68640,4
81027,130481,4
81037,76920,4
81040,178576,4
81048,136957,4
81059,111391,4
81062,40923,4
81070,3787,4
81073,41388,4
81076,61867,4
81082,103874,4
81089,7843,4
81107,87638,4
81110,109520,4
81120,59884,4
81125,22648,4
81128,44350,4
81139,84307,4
81143,50118,4
81154,112661,4
81157,148439,4
81165,50959,4
81172,67272,4
81179,183235,4
81182,125782,4
81186,67547,4
81189,181460,4
81192,47989,4
81195,32964,4
81200,68078,4
81208,115004,4
81212,34459,4
81218,150293,4
81245,83355,4
81274,188644,4
81277,34754,4
81282,81037,4
81287,166130,4
81291,5183,4
81295,5370,4
81307,166575,4
81325,85204,4
81328,97448,4
81331,127020,4
81334,101194,4
81343,79215,4
81351,6028,4
81355,29274,4
81359,180016,4
81363,72063,4
81367,74010,4
81370,45894,4
81374,5761,4
81379,38833,4
81387,42998,4
81391,114122,4
81395,52096,4
81398,52566,4
81401,6087,4
81406,153118,4
81409,73190,4
81413,133095,4
81417,154379,4
81422,187404,4
81428,69339,4
81434,71242,4
81437,32801,4
81440,152243,4
81445,74064,4
81449,156904,4
81454,105055,4
81457,133794,4
81462,37018,4
81465,89632,4
81470,148025,4
81476,156979,4
81479,30080,4
81483,110231,4
81490,86042,4
81493,74959,4
81502,170362,4
81505,134805,4
81510,53288,4
81517,159622,4
81521,71973,4
81524,109027,4
81527,169352,4
81530,8110,4
81534,175517,4
81542,127968,4
81545,81733,4
81549,112428,4
81553,47463,4
81556,134513,4
81559,50418,4
81565,122938,4
81568,142316,4
81571,132991,4
81574,162402,4
81577,61556,4
81580,4818,4
81585,180763,4
81588,163339,4
81592,14595,4
81596,60145,4
81600,151010,4
81605,79563,4
81608,182228,4
81611,85435,4
81614,43542,4
81618,49830,4
81622,1303,4
81628,122056,4
81631,133650,4
81641,148441,4
81647,97862,4
81651,4247,4
81655,190043,4
81661,1769,4
81666,82195,4
81669,99858,4
81672,67765,4
81677,192258,4
81684,59655,4
81687,18143,4
81698,177554,4
81701,37404,4
81705,145354,4
81712,157245,4
81727,31225,4
81731,66882,4
81736,26939,4
81743,58605,4
81784,175004,4
81793,132545,4
81797,138303,4
81800,110667,4
81803,116889,4
81808,188616,4
81817,136899,4
81825,18137,4
81829,57191,4
81832,80888,4
81836,118401,4
81853,90792,4
81866,145583,4
81869,61104,4
81873,7020,4
81876,141962,4
81881,143630,4
81887,178494,4
81894,154726,4
81898,150533,4
81901,140776,4
81922,36020,4
81925,165966,4
81930,13323,4
81933,70237,4
81942,41074,4
81946,155695,4
81950,66378,4
81955,72144,4
81963,9463,4
81979,121374,4
81985,59272,4
81992,190384,4
81996,45278,4
82000,128310,4
82003,19005,4
82031,117454,4
82046,55022,4
82050,47501,4
82059,105064,4
82062,15896,4
82066,80521,4
82069,117182,4
82072,95887,4
82076,44774,4
82080,25004,4
82083,15675,4
82089,38952,4
82093,110395,4
82112,83474,4
82118,68723,4
82123,9986,4
82126,71439,4
82130,185876,4
82133,160334,4
82137,6924,4
82141,167070,4
82144,167394,4
82147,45677,4
82150,87154,4
82170,44659,4
82175,187861,4
82180,181764,4
82183,168736,4
82197,146442,4
82206,190577,4
82210,111074,4
82213,37623,4
82222,79479,4
82230,187488,4
82234,106332,4
82237,111990,4
82241,106230,4
82244,144096,4
82250,79255,4
82255,166204,4
82258,46991,4
82261,123631,4
82265,147279,4
82269,97971,4
82287,47072,4
82292,6494,4
82295,95346,4
82302,186290,4
82305,99860,4
82309,173463,1
82313,14859,1
82319,64109,1
82322,77221,1
82326,40356,1
82331,75009,1
82336,176601,1
82344,135683,1
82347,128970,1
82350,12101,1
82355,135801,1
82358,9964,1
82363,95799,1
82368,87221,1
82377,144471,1
82381,147545,1
82389,23861,1
82393,52134,1
82396,123906,1
82399,167367,1
82405,102990,1
82411,143464,1
82415,80349,1
82422,100890,1
82427,83897,1
82430,153111,1
82439,81122,1
82445,63057,1
82448,153600,1
82451,19203,1
82458,117311,1
82470,69877,1
82473,69997,1
82481,157247,1
82484,142601,1
82490,33778,1
82494,177411,1
82498,66242,1
82508,130023,1
82511,57130,1
82519,1386,1
82526,104492,1
82530,109389,1
82534,168581,1
82547,169801,1
82566,105598,1
82569,36800,1
82582,125820,1
82585,190374,1
82588,104095,1
82593,134106,1
82620,120133,1
82623,173714,1
82652,154110,1
82659,39549,1
82669,142926,1
82677,145974,1
82680,190989,1
82698,181934,1
82792,83443,1
82797,60099,1
82802,144570,1
82813,161984,1
82817,187385,1
82821,105525,1
82825,111473,1
82829,137883,1
82840,132981,1
82843,46772,1
82850,172925,1
82854,113211,1
82860,73583,1
82863,173361,1
82866,159442,1
82869,179565,1
82874,115913,1
82881,59138,1
82885,18462,1
82907,174616,1
82912,103111,1
82950,125653,1
82953,19029,1
82956,114103,1
82964,162457,1
82968,111775,1
82973,87016,1
82996,97282,1
83021,84766,1
83025,85832,1
83032,192204,1
83077,176899,1
83083,24213,1
83092,14018,1
83106,18105,1
83110,21561,1
83139,159483,1
83150,87307,1
83237,161856,1
83270,127895,1
83298,167313,1
83325,178553,1
83331,15894,1
83334,25526,1
83341,82734,1
83362,164013,1
83397,143512,1
83422,186962,1
83435,175909,1
83450,51219,1
83454,181535,1
83489,158352,1
83556,70641,1
83617,19267,1
83631,145371,1
83646,84785,1
83665,47510,1
83718,146781,1
83758,78308,1
83766,42040,1
83773,6144,1
83797,143503,1
83824,129939,1
83845,50445,1
83868,89855,1
83877,104607,1
83911,32825,1
83930,17005,1
83941,65745,1
83956,17958,1
84002,139104,1
84013,13914,1
84029,97034,1
84104,45928,1
84117,129833,1
84135,36582,1
84172,109862,1
84185,36555,1
84202,84331,1
84210,78017,1
84213,110711,1
84232,47252,1
84245,64917,1
84265,28327,1
84281,70012,1
84307,31949,1
84318,38818,1
84368,24119,1
84372,4751,1
84407,152396,1
84423,99648,1
84448,93492,1
84481,175191,1
84487,63172,1
84495,119851,1
84518,174692,1
84526,17515,1
84529,64514,1
84562,122525,1
84575,152180,1
84608,166250,1
84611,66586,1
84632,102633,1
84641,92467,1
84654,36035,1
84683,48719,1
84703,57956,1
84765,83950,1
84791,96252,1
84796,126907,1
84816,135623,1
84845,44321,1
84883,21126,1
84904,14685,1
84916,191885,1
84954,3511,1
84969,98115,1
84976,56667,1
85003,44268,1
85043,147493,1
85071,14101,1
85122,34686,1
85164,45751,1
85221,9066,1
85264,77723,1
85295,53932,1
85322,47150,1
85347,164352,1
85414,67210,1
85439,9042,1
85451,165870,1
85477,128284,1
85486,70513,1
85527,14411,1
85562,102791,1
85574,160316,1
85606,183887,1
85622,45223,1
85636,108562,1
85664,83853,1
85742,192596,1
85766,140593,1
85778,166370,1
85812,41846,1
85824,53899,1
85879,74474,1
85903,149589,1
85914,129587,1
85941,131144,1
85951,47060,1
85955,161505,1
85978,47270,1
85982,51340,1
85989,158765,1
86005,124842,1
86082,47104,1
86107,73434,1
86117,23339,1
86120,53796,1
86135,80522,1
86143,65855,1
86156,113221,1
86168,5657,1
86173,129599,1
86207,57650,1
86222,76785,1
86230,171103,1
86242,43282,1
86254,72366,1
86286,179436,1
86309,95227,1
86328,174833,1
86344,14394,1
86377,104528,1
86381,17586,1
86423,172524,1
86438,51831,1
86584,76332,1
86589,62256,1
86617,135034,1
86636,31769,1
86669,95061,1
86685,44458,1
86708,101916,1
86723,19022,1
86740,106812,1
86760,77809,1
86774,187355,1
86806,59744,1
86824,88535,1
86838,69866,1
86853,93986,1
86866,112684,1
86891,104827,1
86920,123895,1
86936,131672,1
86968,66491,1
86977,124080,1
87023,48645,1
87037,81208,1
87050,169922,1
87062,79489,1
87140,183907,1
87162,21867,1
87195,10303,1
87202,104769,1
87210,111053,1
87256,58883,1
87259,105067,1
87262,28372,1
87287,54410,1
87292,54735,1
87322,121741,1
87339,84351,1
87365,155712,1
87384,180700,1
87440,99624,1
87445,102335,1
87484,134785,1
87514,58139,1
87522,18081,1
87534,58826,1
87537,114133,1
87550,106917,1
87554,7244,1
87572,121675,1
87575,30818,1
87600,120801,1
87614,147147,1
87628,76131,1
87654,57407,1
87673,33780,1
87695,43330,1
87702,188276,1
87723,103485,1
87731,58068,1
87776,96404,1
87790,24612,1
87796,38853,1
87822,160783,1
87839,93203,1
87846,175138,1
87849,15698,1
87887,89729,1
87899,170962,1
87903,41291,1
87916,182004,1
87940,88674,1
87954,104844,1
87976,99574,1
87996,176527,1
88009,90747,1
88015,84289,1
88019,30530,1
88031,98113,1
88036,132720,1
88114,89740,1
88176,116509,1
88180,76687,1
88232,156549,1
88250,182523,1
88258,41590,1
88295,54420,1
88313,164793,1
88334,28388,1
88361,94916,1
88388,60563,1
88406,47302,1
88417,14028,1
88451,2878,1
88454,140384,1
88480,67535,1
88492,8824,1
88518,19196,1
88559,70019,1
88577,20169,1
88586,134941,1
88599,59095,1
88622,15440,1
88660,141556,1
88669,154072,1
88688,33240,1
88694,95834,1
88742,85777,1
88754,58374,1
88772,14634,1
88784,68148,1
88794,70717,1
88819,88998,1
88836,160820,1
88860,58480,1
88888,122222,1
88941,179201,1
88966,106057,1
88984,16453,1
89026,188779,1
89045,188366,1
89080,187302,1
89137,163912,1
89159,6142,1
89182,87505,1
89189,107104,1
89205,73514,1
89222,16730,1
89238,170485,1
89258,19851,1
89287,65697,1
89315,152141,1
89336,55202,1
89371,118499,1
89395,42570,1
89435,185210,1
89526,27145,1
89540,132723,1
89565,131103,1
89601,47948,1
89625,55325,1
89634,145212,1
89661,100302,1
89673,52352,1
89685,69884,1
89713,6651,1
89772,63262,1
89786,55344,1
89827,55890,1
89910,89290,1
89934,92821,1
89995,131730,1
90014,179056,1
90037,8089,1
90042,171080,1
90068,155409,1
90077,39923,1
90103,87469,1
90114,129123,1
90121,80740,1
90131,179103,1
90147,36335,1
90181,130005,1
90224,162050,1
90227,89194,1
90238,74268,1
90255,69302,1
90299,192073,1
90328,171933,1
90344,192213,1
90350,141588,1
90358,32406,1
90371,151203,1
90402,34099,1
90407,48414,1
90442,2460,1
90462,170873,1
90478,154972,1
90487,89414,1
90501,114550,1
90511,120191,1
90516,85394,1
90527,10550,1
90579,79570,1
90594,88008,1
90630,47127,1
90651,52997,1
90710,14137,1
90726,49616,1
90793,68812,1
90822,78529,1
90829,69831,1
90872,148705,1
90894,43972,1
90933,175697,1
90945,50989,1
90975,157482,1
91010,169984,1
91016,25823,1
91050,71971,1
91064,64356,1
91075,85140,1
91092,162416,1
91096,118593,1
91127,189966,1
91141,187849,1
91209,62019,1
91240,123181,1
91246,101257,1
91287,162959,1
91332,169220,1
91349,104534,1
91447,182652,1
91454,131950,1
91509,92365,1
91535,121443,1
91588,192133,1
91618,10354,1
91635,128672,1
91642,41637,1
91657,101603,1
91672,2776,1
91682,43387,1
91702,154472,1
91784,9404,1
91822,26344,1
91856,28862,1
91860,62950,1
91865,173125,1
91876,121316,1
91883,129388,1
91904,140583,1
91934,158512,1
91956,135030,1
92033,188212,1
92046,131975,1
92061,32837,1
92079,8797,1
92090,104084,1
92100,158271,1
92142,109401,1
92158,89963,1
92179,159734,1
92228,99499,1
92247,50867,1
92267,166501,1
92295,99892,1
92315,27030,1
92339,148352,1
92357,48023,1
92391,18391,1
92429,6253,1
92463,60619,1
92498,78993,1
92521,115031,1
92542,148326,1
92590,30476,1
92606,139297,1
92610,125313,1
92620,9452,1
92642,62684,1
92665,169422,1
92685,368,1
92715,46257,1
92725,100996,1
92728,133231,1
92745,150031,1
92789,176023,1
92836,60300,1
92875,58522,1
92887,91985,1
92910,22207,1
92927,145550,1
92938,7449,1
92954,136130,1
93001,73194,1
93031,160809,1
93094,101577,1
93119,175194,1
93163,44535,1
93166,79900,1
93172,98089,1
93235,103136,1
93282,3982,1
93290,68436,1
93328,96905,1
93347,5393,1
93481,104832,1
93484,74077,1
93513,145861,1
93524,174006,1
93566,11752,1
93582,153422,1
93587,78268,1
93603,140104,1
93610,147482,1
93636,143108,1
93682,52820,1
93716,136626,1
93721,68354,1
93731,152442,1
93748,170427,1
93760,122488,1
93854,167964,1
93867,116439,1
93886,29240,1
93904,84015,1
93928,67578,1
93937,132117,1
93957,142207,1
93980,100677,1
94011,127509,1
94023,176337,1
94067,188774,1
94090,139284,1
94106,159711,1
94151,151658,1
94163,25213,1
94174,10848,1
94195,6908,1
94201,192565,1
94243,90778,1
94257,1267,1
94306,118933,1
94325,189442,1
94345,99804,1
94361,109606,1
94372,51722,1
94375,90057,1
94395,162492,1
94428,153088,1
94433,160841,1
94483,158333,1
94644,71186,1
94655,11618,1
94697,71982,1
94701,8694,1
94719,71569,1
94733,180353,1
94741,137637,1
94754,117087,1
94803,65499,1
94864,190902,1
94905,4016,1
94914,78036,1
94929,89318,1
94957,67034,1
94992,58857,1
95033,67468,1
95039,39041,1
95056,1943,1
95073,108580,1
95094,30955,1
95139,124560,1
95146,13520,1
95167,172547,1
95183,168099,1
95189,135620,1
95193,75105,1
95202,28075,1
95245,133886,1
95257,36702,1
95284,54080,1
95296,186639,1
95326,36919,1
95345,49376,1
95371,177859,1
95501,35550,1
95521,30161,1
95567,178663,1
95587,38638,1
95614,32331,1
95641,79881,1
95652,168265,1
95675,153264,1
95698,49137,1
95716,71786,1
95754,94938,1
95770,77763,1
95797,140456,1
95812,190373,1
95827,104387,1
95851,62531,1
95873,128340,1
95881,7344,1
95910,137276,1
95916,19865,1
95930,82294,1
95997,103325,1
96017,121821,1
96024,188056,1
96029,120559,1
96090,116693,1
96100,106511,1
96106,119071,1
96241,48070,1
96245,39942,1
96252,129914,1
96257,72805,1
96265,34347,1
96273,45265,1
96287,162275,1
96317,25261,1
96330,96700,1
96343,98844,1
96357,166013,1
96372,110308,1
96377,96091,1
96382,127543,1
96386,76665,1
96408,10878,1
96415,69719,1
96423,55462,1
96433,145305,1
96436,62597,1
96440,70796,1
96446,149893,1
96465,152644,1
96482,162418,1
96489,47069,1
96498,17544,1
96505,179009,1
96519,129400,1
96523,25159,1
96546,173507,1
96551,53820,1
96560,168675,1
96565,120480,1
96570,128730,1
96585,2300,1
96602,102351,1
96623,14399,1
96629,163315,1
96636,3858,1
96643,9104,1
96667,14853,1
96677,112648,1
96688,81373,1
96693,130147,1
96714,143724,1
96717,159615,1
96729,123054,1
96747,162411,1
96776,20102,1
96792,152636,1
96815,16127,1
96829,177167,1
96853,58238,1
96860,79766,1
96863,71616,1
96889,42653,1
96902,107673,1
96932,173607,1
96937,64792,1
96948,147827,1
96957,55815,1
96967,145264,1
96984,16418,1
96988,48478,1
97004,122312,1
97014,164990,1
97023,187700,1
97029,39385,1
97044,37986,1
97058,163958,1
97100,110349,1
97109,185494,1
97120,175301,1
97137,137950,1
97152,183591,1
97179,64251,1
97189,61703,1
97195,81099,1
97200,101751,1
97206,121171,1
97222,93678,1
97237,47865,1
97256,129602,1
97264,86412,1
97272,74155,1
97277,168469,1
97291,110266,1
97314,60727,1
97322,157617,1
97342,10394,1
97358,88265,1
97371,32672,1
97374,45918,1
97377,147797,1
97401,173963,1
97425,115773,1
97480,172687,1
97486,112689,1
97514,7360,1
97544,130647,1
97589,19693,1
97595,33827,1
97604,125843,1
97609,4420,1
97621,175188,1
97631,169521,1
97679,80935,1
97689,125764,1
97697,62345,1
97724,44023,1
97733,22788,1
97746,55858,1
97751,190432,1
97754,43808,1
97758,138495,1
97764,85384,1
97782,177429,1
97788,150909,1
97792,66508,1
97815,8347,1
97823,113657,1
97836,131544,1
97889,106667,1
97900,27892,1
97920,192184,1
97929,154971,1
97934,41682,1
97940,25538,1
97960,42717,1
97965,156372,1
97980,135393,1
97984,120740,1
97997,95484,1
98000,191253,1
98004,61355,1
98028,128072,1
98057,138145,1
98079,168704,1
98101,25045,1
98119,3848,1
98131,27435,1
98160,178920,1
98183,51171,1
98198,178250,1
98206,101111,1
98211,64459,1
98227,115228,1
98245,91539,1
98259,145386,1
98277,22405,1
98280,166840,1
98288,88874,1
98312,79955,1
98318,52088,1
98323,53320,1
98326,185722,1
98332,2357,1
98353,97441,1
98361,120206,1
98367,171251,1
98384,15942,1
98398,82924,1
98409,132509,1
98424,174016,1
98427,77557,1
98446,75521,1
98456,156748,1
98465,124863,1
98482,149373,1
98513,32528,1
98521,186382,1
98538,43784,1
98556,91400,1
98562,166779,1
98578,141421,1
98616,98058,1
98632,108487,1
98667,126890,1
98676,13864,1
98685,123629,1
98707,110799,1
98757,106770,1
98778,99673,1
98807,64787,1
98836,166458,1
98842,171214,1
98865,176700,1
98877,18092,1
98882,67947,1
98895,36798,1
98908,163676,1
98941,89340,1
98944,168598,1
98954,83820,1
98963,108812,1
98974,67709,1
98984,176695,1
99017,145740,1
99024,185765,1
99066,114323,1
99079,164976,1
99109,171749,1
99143,19480,1
99152,900,1
99179,10070,1
99182,54377,1
99188,15178,1
99193,32205,1
99211,139062,1
99222,60527,1
99258,76838,1
99413,32524,1
99422,17059,1
99431,6441,1
99436,87678,1
99439,33280,1
99444,11888,1
99449,181990,1
99481,57709,1
99500,118468,1
99514,148601,1
99532,191045,1
99554,107831,1
99566,63494,1
99569,71377,1
99581,137648,1
99597,99498,1
99622,184562,1
99636,123380,1
99665,18873,1
99668,85149,1
99701,87342,1
99730,76313,1
99750,115384,1
99831,107359,1
99845,125157,1
99902,125214,1
100235,137499,1
100249,34473,1
100329,126942,1
100349,89088,1
100375,35583,1
100404,80880,1
100408,58809,1
100427,154191,1
100458,50241,1
100484,177302,1
100487,140602,1
100517,163067,1
100547,117598,1
100570,179889,1
100575,75152,1
100634,152571,1
100659,183834,1
100663,126538,1
100728,113870,1
100740,90886,1
100794,45794,1
100844,9325,1
100887,67730,1
100903,98525,1
100952,14527,1
100978,13244,1
101013,30203,1
101021,77580,1
101026,107988,1
101051,30562,1
101066,91491,1
101081,122491,1
101110,91155,1
101151,181614,1
101340,126935,1
101370,59796,1
101383,56623,1
101477,180509,1
101481,56162,1
101570,62196,1
101573,77786,1
101588,22217,1
101598,70221,1
101619,158956,1
101654,30683,1
101703,140923,1
101748,1474,1
101813,98843,1
101848,22741,1
101879,120670,1
101921,95376,1
101933,8997,1
102027,121852,1
102109,159940,1
102194,162475,1
102208,138322,1
102263,136121,1
102309,73575,1
102350,143021,1
102393,164682,1
102409,129701,1
102454,67301,1
102495,132157,1
102542,37892,1
102567,181006,1
102660,174969,1
102670,40601,1
102698,164539,1
102703,127189,1
102739,181488,1
102761,68990,1
102766,81164,1
102829,50857,1
102868,150671,1
102896,127438,1
102908,65895,1
102945,113604,1
102961,121724,1
103171,93694,1
103310,137198,1
103317,130071,1
103343,157356,1
103369,124923,1
103415,27043,1
103442,26251,1
103481,9782,1
103488,117982,1
103516,107307,1
103533,169501,1
103560,64664,1
103582,105993,1
103596,30287,1
103674,75961,1
103733,116481,1
103751,175955,1
103780,2241,1
103835,152260,1
103879,117140,1
103899,56381,1
103924,81757,1
103932,156729,1
104095,10464,1
104105,149135,1
104132,123269,1
104141,55384,1
104170,122391,1
104211,16562,1
104248,87156,1
104260,117994,1
104296,186253,1
104331,55223,1
104339,72536,1
104380,190891,1
104397,157016,1
104469,87922,1
104485,2069,1
104513,15778,1
104558,108628,1
104619,80037,1
104682,58411,1
104716,180399,1
104723,113472,1
104756,100756,1
104764,14457,1
104850,175566,1
104859,124876,1
104918,10730,1
104932,73789,1
104980,23893,1
105054,79761,1
105077,72163,1
105144,46919,1
105190,63119,1
105199,149861,1
105204,12717,1
105245,136637,1
105279,30882,1
105324,125615,1
105622,111002,1
105695,187111,1
105736,126263,1
105760,101605,1
106005,21961,1
106031,38963,1
106083,116385,1
106141,187118,1
106203,33330,1
106244,34479,1
106312,80134,1
106426,19527,1
106490,126761,1
106556,10515,1
106568,69223,1
106634,187850,1
106666,34781,1
106714,114603,1
106774,156248,1
106780,71922,1
106812,19424,1
106830,14205,1
106849,89407,1
106868,148176,1
106893,104271,1
106975,150706,1
107043,27657,1
107057,180681,1
107073,59561,1
107149,41990,1
107158,180081,1
107172,82179,1
107244,162469,1
107250,147067,1
107352,6954,1
107380,30591,1
107394,28299,1
107435,120314,1
107481,165700,1
107489,149367,1
107546,150597,1
107610,173474,1
107654,44319,1
107667,86131,1
107734,73488,1
107756,163740,1
107861,45900,1
107881,47664,1
108007,187581,1
108029,81556,1
108051,69780,1
108117,77432,1
108141,37575,1
108160,33802,1
108189,2022,1
108229,57176,1
108267,99385,1
108284,52487,1
108375,20443,1
108390,108687,1
108420,85929,1
108462,58224,1
108480,118920,1
108514,136770,1
108553,91889,1
108667,2753,1
108672,34656,1
108700,123936,1
108848,84282,1
108866,24123,1
108877,122255,1
108943,174824,1
109049,62653,1
109078,191478,1
109105,48310,1
109118,19255,1
109169,131876,1
109270,85276,1
109307,30813,1
109319,43954,1
109385,21395,1
109461,11351,1
109494,53858,1
109536,152197,1
109565,76770,1
109641,72639,1
109650,113334,1
109669,123135,1
109783,51006,1
109805,136355,1
109833,22053,1
109935,86380,1
109938,113149,1
109962,20243,1
109987,153985,1
110064,86714,1
110131,192411,1
110159,154057,1
110175,34015,1
110230,177577,1
110241,17087,1
110272,12586,1
110307,54987,1
110344,179280,1
110390,79140,1
110417,96070,1
110491,79603,1
110535,53307,1
110553,99773,1
110558,19490,1
110565,7654,1
110641,1785,1
110654,33086,1
110880,173836,1
110892,147161,1
110924,71810,1
110935,100424,1
110956,76918,1
110968,127259,1
110990,139653,1
111022,39231,1
111059,62273,1
111104,96382,1
111134,191307,1
111162,24244,1
111183,43325,1
111225,59605,1
111232,159215,1
111253,179452,1
111295,114255,1
111439,64861,1
111476,176663,1
111524,146492,1
111570,113810,1
111601,177669,1
111658,163846,1
111663,131053,1
111686,51653,1
111696,143107,1
111712,102070,1
111733,79925,1
111756,190231,1
111779,85320,1
111784,132882,1
111808,152019,1
111899,65480,1
111908,63989,1
111961,22685,1
112002,138168,1
112092,40045,1
112104,65014,1
112109,46445,1
112122,129276,1
112153,99396,1
112199,54561,1
112225,58608,1
112812,161739,1
112858,120176,1
112876,103092,1
112903,190379,1
112927,136293,1
112956,165514,1
112989,142654,1
113021,171081,1
113027,5340,1
113041,28000,1
113086,67598,1
113125,129945,1
113151,154599,1
113176,180345,1
113186,181964,1
113219,188111,1
113249,173909,1
113265,75116,1
113301,14942,1
113382,108410,1
113417,65884,1
113420,185966,1
113438,33378,1
113453,172555,1
113457,30218,1
113463,151435,1
113492,88947,1
113497,155468,1
113501,77263,1
113504,83676,1
113508,26937,1
113519,47318,1
113524,178861,1
113530,179503,1
113542,32039,1
113545,169122,1
113550,46884,1
113574,61856,1
113578,186492,1
113586,108765,1
113589,17339,1
113598,138590,1
113614,94093,1
113621,14498,1
113626,105936,1
113633,82008,1
113652,27190,1
113672,17487,1
113675,31366,1
113678,110701,1
113682,92974,1
113686,84564,1
113702,90419,1
113707,72114,1
113716,71332,1
113720,63326,1
113725,55159,1
113729,26558,1
113734,152468,1
113741,154716,1
113745,11674,1
113748,169018,1
113755,174028,1
113766,164026,1
113779,158208,1
113791,73099,1
113795,101031,1
113806,36063,1
113809,164159,1
113813,154441,1
113819,42752,1
113822,80497,1
113825,83789,1
113831,68907,1
113841,10992,1
113844,82887,1
113847,7160,1
113856,145381,1
113868,15700,1
113874,71097,1
113879,133525,1
113893,128784,1
113898,170866,1
113902,141913,1
113910,110025,1
113924,63033,1
113931,805,1
113950,119322,1
113953,82577,1
113957,127960,1
113964,151859,1
113974,178036,1
113991,28609,1
113994,24461,1
113997,175969,1
114002,67202,1
114010,87918,1
114013,173978,1
114020,141125,1
114028,132820,1
114031,78658,1
114036,13365,1
114040,82789,1
114044,69395,1
114053,184239,1
114056,31842,1
114072,143212,1
114079,106481,1
114103,41944,1
114111,145665,1
114114,67464,1
114127,11209,1
114133,71962,1
114138,109853,1
114141,113067,1
114146,108353,1
114149,91028,1
114162,774,1
114173,84132,1
114177,94830,1
114180,136582,1
114199,99060,1
114203,25113,1
114225,158544,1
114230,97250,1
114233,126371,1
114237,131176,1
114241,131114,1
114247,189732,1
114253,183101,1
114275,104839,1
114281,106939,1
114287,190931,1
114290,140906,1
114293,103423,1
114301,36088,1
114310,99555,1
114314,104503,1
114320,13128,1
114325,154427,1
114331,15313,1
114348,71129,1
114353,135735,1
114358,159898,1
114364,71840,1
114378,61976,1
114382,35597,1
114385,159543,1
114391,154545,1
114396,99572,1
114401,135820,1
114407,65450,1
114415,70205,1
114428,10504,1
114436,35670,1
114442,186489,1
114451,6877,1
114457,121467,1
114460,53094,1
114473,98969,1
114480,113005,1
114488,37149,1
114493,128229,1
114512,150957,1
114519,36286,1
114523,101176,1
114526,109907,1
114530,103923,1
114536,61884,1
114540,74190,1
114553,157028,1
114560,1561,1
114574,85616,1
114598,42128,1
114606,32826,1
114618,64968,1
114622,136942,1
114636,123844,1
114641,108371,1
114648,64367,1
114659,169198,1
114663,57983,1
114666,165082,1
114673,45355,1
114694,180602,1
114801,153458,1
114804,160203,1
114807,73368,1
114821,99363,1
114828,133817,1
114833,168289,1
114852,47417,1
114884,150326,1
114920,174532,1
114924,152313,1
114940,17234,1
114949,123480,1
114953,162221,1
114957,126192,1
114968,11789,1
114995,164414,1
114998,26607,1
115003,149967,1
115024,161874,1
115027,185780,1
115031,9609,1
115042,185671,1
115045,173589,1
115051,88760,1
115063,68570,1
115070,91912,1
115083,94863,1
115086,64547,1
115092,179777,1
115097,146884,1
115123,128894,1
115130,103378,1
115135,149463,1
115138,183786,1
115141,151649,1
115145,120294,1
115152,13370,1
115155,48496,1
115178,33763,1
115186,6343,1
115206,142040,1
115211,158358,1
115214,89198,1
115220,189536,1
115225,153375,1
115232,43682,1
115235,29924,1
115250,162012,1
115259,46015,1
115262,55411,1
115269,43700,1
115275,155607,1
115280,27481,1
115283,75134,1
115311,138903,1
115326,169630,1
115370,48894,1
115374,114010,1
115386,175644,1
115391,156623,1
115396,154184,1
115414,14302,1
115420,130139,1
115425,143335,1
115436,53994,1
115439,120305,1
115444,188542,1
115451,85304,1
115454,65813,1
115463,49793,1
115474,8864,1
115478,130438,1
115494,115694,1
115506,68173,1
115511,109706,1
115520,178877,1
115533,105331,1
115547,73290,1
115559,1754,1
115592,167156,1
115599,159080,1
115602,117612,1
115606,49285,1
115615,151982,1
115621,139575,1
115625,164959,1
115630,34229,1
115635,81459,1
115645,139484,1
115649,89051,1
115670,147221,1
115674,105031,1
115691,142057,1
115697,35668,1
115701,31864,1
115727,161764,1
115731,23692,1
115740,181453,1
115743,3538,1
115757,158051,1
115766,118873,1
115772,142898,1
115794,147769,1
115797,117950,1
115803,15041,1
115807,161273,1
115812,799,1
115818,47788,1
115824,157623,1
115831,118822,1
115837,136307,1
115853,183906,1
115863,109859,1
115866,165834,1
115888,44971,1
115895,161686,1
115900,103574,1
115904,55740,1
115909,148516,1
115915,103880,1
115920,112551,1
115925,88543,1
115929,8459,1
115933,74960,1
115944,119938,1
115950,147560,1
115959,51310,1
115963,27819,1
115967,64759,1
115975,95152,1
115980,128303,1
115983,39432,1
115998,50703,1
116004,118888,1
116011,117753,1
116017,87632,1
116020,105208,1
116025,118117,1
116029,141074,1
116036,148448,1
116039,189425,1
116042,117283,1
116045,58722,1
116065,141840,1
116069,18838,1
116082,158237,1
116100,70702,1
116106,183551,1
116111,5163,1
116144,103206,1
116152,73479,1
116155,19906,1
116158,44160,1
116175,41653,1
116187,129700,1
116194,88271,1
116219,34933,1
116228,12926,1
116239,89415,1
116243,167211,1
116271,43181,1
116287,161170,1
116290,122040,1
116294,89017,1
116297,142502,1
116300,52583,1
116318,100705,1
116322,191525,1
116331,187589,1
116338,186076,1
116353,85293,1
116372,63828,1
116426,4232,1
116431,166822,1
116446,122952,1
116450,118779,1
116454,12687,1
116471,33983,1
116474,185472,1
116486,49035,1
116494,6810,1
116506,10722,1
116512,147958,1
116515,26664,1
116518,144334,1
116521,44637,1
116531,2642,1
116597,140335,1
116606,128022,1
116609,190283,1
116613,36730,1
116619,41840,1
116626,61537,1
116629,121572,1
116633,184370,1
116644,19540,1
116647,130626,1
116669,177963,1
116673,92337,1
116681,8352,1
116685,160115,1
116688,53472,1
116697,155601,1
116718,115160,1
116723,100984,1
116727,101130,1
116731,69767,1
116736,118379,1
116745,153581,1
116750,18054,1
116756,138699,1
116760,118949,1
116763,148214,1
116773,186697,1
116788,158433,1
116809,62221,1
116815,52950,1
116821,35154,1
116831,96597,1
116836,175881,1
116846,105495,1
116850,53443,1
116856,150967,1
116867,102854,1
116870,161385,1
116875,115127,1
116878,68555,1
116881,33714,1
116888,71880,1
116892,110504,1
116912,126237,1
116915,60179,1
116927,176567,1
116931,38296,1
117015,70757,1
117020,85136,1
117029,94173,1
117052,156015,1
117062,139147,1
117069,68036,1
117080,179237,1
117085,76238,1
117094,30082,1
117097,81053,1
117108,179781,1
117144,24232,1
117159,15728,1
117167,192124,1
117183,142123,1
117193,189122,1
117201,73870,1
117205,108434,1
117211,38531,1
117214,155397,1
117219,5048,1
117222,13252,1
117229,80923,1
117235,27542,1
117241,133185,1
117261,105626,1
117276,121798,1
117284,108875,1
117315,121805,1
117325,132471,1
117329,105213,1
117340,166100,1
117349,166722,1
117356,177078,1
117411,92595,1
117414,191712,1
117424,173618,1
117428,125721,1
117452,33173,1
117458,129943,1
117461,114673,1
117464,111159,1
117471,56329,1
117480,34364,1
117490,61642,1
117498,6558,1
117504,148316,1
117522,172604,1
117530,160515,1
117538,136901,1
117544,152624,1
117551,106605,1
117558,181546,1
117563,139798,1
117571,153677,1
117575,58183,1
117579,188674,1
117602,269,1
117610,90118,1
117635,66481,1
117638,119455,1
117651,108827,1
117654,66824,1
117657,87372,1
117671,96349,1
117687,144982,1
117696,83841,1
117700,68147,1
117703,113816,1
117708,21239,1
117850,96593,1
117858,136997,1
117862,120584,1
117868,190667,1
117876,46357,1
117882,105432,1
117885,118764,1
117898,4717,1
117903,90831,1
117931,142354,1
117937,132202,1
117957,132142,1
117961,5819,1
117970,185126,1
117981,62451,1
117987,138139,1
117994,9151,1
117999,154985,1
118003,52234,1
118006,148596,1
118015,190805,1
118024,67702,1
118027,70438,1
118030,28515,1
118051,64235,1
118062,190949,1
118072,146126,1
118076,125605,1
118079,160839,1
118085,92578,1
118092,26670,1
118102,46117,1
118117,97850,1
118120,131096,1
118124,192292,1
118132,108332,1
118145,105057,1
118152,116572,1
118166,126835,1
118175,9754,1
118179,149940,1
118182,170911,1
118185,112352,1
118189,75434,1
118194,93342,1
118203,25637,1
118221,27390,1
118228,110528,1
118282,25694,1
118287,62666,1
118290,181251,1
118293,160254,1
118299,66049,1
118313,47081,1
118335,114615,1
118382,67164,1
118385,59881,1
118389,164057,1
118395,66903,1
118404,137665,1
118430,12136,1
118443,23617,1
118450,17911,1
118462,60758,1
118468,164702,1
118473,167699,1
118481,65863,1
118494,5454,1
118502,114262,1
118505,177156,1
118508,19362,1
118523,106333,1
118529,184327,1
118532,117534,1
118536,91112,1
118541,12241,1
118546,54854,1
118551,63656,1
118568,131280,1
118572,18010,1
118580,25329,1
118586,185067,1
118591,56217,1
118625,148541,1
118629,26977,1
118634,78291,1
118652,111042,1
118673,73303,1
118683,20230,1
118686,10662,1
118715,148928,1
118720,119342,1
118723,126906,1
118727,174994,1
118739,92874,1
118746,115011,1
118778,74135,1
118783,104529,1
118800,57705,1
118803,72781,1
118822,81478,1
118844,46261,1
118847,119876,1
118868,181129,1
118879,120164,1
118885,92065,1
118892,152777,1
118896,31075,1
118910,3801,1
118921,86096,1
118929,126519,1
118935,15483,1
118944,96497,1
118947,9836,1
118988,174338,1
118993,23739,1
119011,27799,1
119037,34005,1
119049,72308,1
119062,192372,1
119112,137285,1
119124,170587,1
119131,114967,1
119137,72439,1
119145,96529,1
119160,6225,1
119174,109961,1
119178,141770,1
119186,71419,1
119195,57789,1
119202,29927,1
119220,45110,1
119223,35571,1
119241,139592,1
119245,191896,1
119283,190861,1
119299,38303,1
119302,117053,1
119322,42751,1
119326,152598,1
119329,15826,1
119339,109587,1
119345,154825,1
119355,165722,1
119361,49986,1
119364,38876,1
119368,137212,1
119371,183733,1
119378,67555,1
119381,38480,1
119391,65870,1
119398,20674,1
119405,22446,1
119412,61451,1
119418,13778,1
119421,12478,1
119424,44440,1
119464,84214,1
119467,163006,1
119470,10033,1
119473,179444,1
119484,52485,1
119487,91418,1
119493,98219,1
119496,10180,1
119503,157992,1
119511,189992,1
119514,142494,1
119537,15859,1
119546,166178,1
119567,131867,1
119590,133207,1
119608,83016,1
119614,35282,1
119618,187901,1
119636,62103,1
119645,19273,1
119669,69744,1
119673,48237,1
119685,155564,1
119699,57802,1
119702,149923,1
119705,172101,1
119720,56824,1
119732,147875,1
119735,73577,1
119739,133358,1
119751,10280,1
119755,7586,1
119766,129909,1
119777,10461,1
119788,72265,1
119793,171563,1
119799,133925,1
119824,67654,1
119834,88388,1
119838,75270,1
119841,171120,1
119849,74285,1
119859,172375,1
119867,52996,1
119906,92170,1
119919,125001,1
119933,143902,1
119947,181457,1
119950,141097,1
119968,131320,1
119985,22422,1
119993,119573,1
120006,165747,1
120010,54355,1
120014,52699,1
120017,164047,1
120026,17315,1
120030,70997,1
120038,105665,1
120042,77613,1
120052,60421,1
120055,170118,1
120061,189290,1
120067,189504,1
120075,110130,1
120086,173312,1
120092,187219,1
120101,5452,1
120110,119336,1
120113,10492,1
120133,168351,1
120138,71930,1
120143,108299,1
120155,156797,1
120162,103218,1
120165,103725,1
120176,117670,1
120183,51154,1
120188,152390,1
120193,3887,1
120211,182084,1
120217,161077,1
120226,166884,1
120234,138290,1
120238,82160,1
120250,77192,1
120257,4871,1
120290,157593,1
120295,64382,1
120301,104054,1
120308,184828,1
120311,48257,1
120317,149953,1
120320,182846,1
120339,47778,1
120354,62806,1
120358,181733,1
120362,181436,1
120371,82178,1
120379,65846,1
120390,72600,1
120393,48916,1
120396,179914,1
120409,177616,1
120420,126145,1
120441,141992,1
120459,77501,1
120462,186869,1
120470,105087,1
120475,186053,1
120478,129605,1
120481,71272,1
120484,156551,1
120488,151078,1
120493,124628,1
120498,182276,1
120503,57900,1
120510,131901,1
120513,176047,1
120516,46107,1
120578,84406,1
120581,55518,1
120590,133210,1
120594,74499,1
120601,135033,1
120604,154201,1
120608,142610,1
120612,41521,1
120618,63569,1
120623,132819,1
120626,119418,1
120629,163052,1
120637,88903,1
120642,186656,1
120645,77487,1
120649,190143,1
120653,147139,1
120657,98135,1
120665,29114,1
120671,90269,1
120675,173131,1
120685,75863,1
120694,114940,1
120700,105774,1
120705,185465,1
120708,170367,1
120717,38548,1
120721,157044,1
120724,48671,1
120731,79583,1
120745,168470,1
120749,135737,1
120752,136384,1
120755,77198,1
120777,105167,1
120791,177082,1
120794,146139,1
120798,226,1
120828,60644,1
120837,173851,1
120848,16607,1
120851,147622,1
120856,60384,1
120860,156440,1
120864,179843,1
120867,182852,1
120872,116857,1
120877,10913,1
120944,37858,1
120950,70272,1
120955,46066,1
120958,6141,1
120961,31498,1
120968,25024,1
120977,160002,1
120981,50146,1
120984,120464,1
120991,61421,1
121004,20386,1
121012,108018,1
121027,135084,1
121043,61271,1
121047,188312,1
121054,93591,1
121062,85903,1
121065,153423,1
121074,11276,1
121099,106138,1
121108,144847,1
121117,723,1
121134,101562,1
121137,29018,1
121152,127720,1
121160,2531,1
121170,60062,1
121181,42901,1
121187,64146,1
121215,88446,1
121226,27814,1
121238,30803,1
121245,66899,1
121248,51545,1
121260,41598,1
121267,7559,1
121272,102315,1
121280,43221,1
121285,186140,1
121290,129974,1
121294,116144,1
121301,90921,1
121368,188845,1
121382,165655,1
121425,56403,1
121429,13659,1
121433,7563,1
121480,77567,1
121486,161299,1
121489,166333,1
121492,133540,1
121501,37792,1
121523,118859,1
121544,91735,1
121559,136517,1
121563,173307,1
121568,59527,1
121584,53143,1
121595,114790,1
121600,130406,1
121637,126443,1
121640,135477,1
121660,41444,1
121695,159156,1
121698,151400,1
121702,186942,1
121714,138347,1
121725,47668,1
121734,13809,1
121738,3897,1
121744,20224,1
